INSERT INTO dtb_bloc (device_type_id, bloc_id, bloc_name, tpl_path, filename, create_date, update_date, php_path, deletable_flg) VALUES (10, 1, 'Category', 'category.tpl', 'category', CURRENT_TIMESTAMP, CURRENT_TIMESTAMP, 'frontparts/bloc/category.php', 0);
INSERT INTO dtb_bloc (device_type_id, bloc_id, bloc_name, tpl_path, filename, create_date, update_date, php_path, deletable_flg) VALUES (10, 2, 'Usage guide', 'guide.tpl', 'guide', CURRENT_TIMESTAMP, CURRENT_TIMESTAMP, NULL, 0);
INSERT INTO dtb_bloc (device_type_id, bloc_id, bloc_name, tpl_path, filename, create_date, update_date, php_path, deletable_flg) VALUES (10, 3, 'Inside of cart', 'cart.tpl', 'cart', CURRENT_TIMESTAMP, CURRENT_TIMESTAMP, 'frontparts/bloc/cart.php', 0);
INSERT INTO dtb_bloc (device_type_id, bloc_id, bloc_name, tpl_path, filename, create_date, update_date, php_path, deletable_flg) VALUES (10, 4, 'Product search', 'search_products.tpl', 'search_products', CURRENT_TIMESTAMP, CURRENT_TIMESTAMP, 'frontparts/bloc/search_products.php', 0);
INSERT INTO dtb_bloc (device_type_id, bloc_id, bloc_name, tpl_path, filename, create_date, update_date, php_path, deletable_flg) VALUES (10, 5, 'New information', 'news.tpl', 'news', CURRENT_TIMESTAMP, CURRENT_TIMESTAMP, 'frontparts/bloc/news.php', 0);
INSERT INTO dtb_bloc (device_type_id, bloc_id, bloc_name, tpl_path, filename, create_date, update_date, php_path, deletable_flg) VALUES (10, 6, 'Login', 'login.tpl', 'login', CURRENT_TIMESTAMP, CURRENT_TIMESTAMP, 'frontparts/bloc/login.php', 0);
INSERT INTO dtb_bloc (device_type_id, bloc_id, bloc_name, tpl_path, filename, create_date, update_date, php_path, deletable_flg) VALUES (10, 7, 'Recommended product', 'recommend.tpl', 'recommend', CURRENT_TIMESTAMP, CURRENT_TIMESTAMP, 'frontparts/bloc/recommend.php', 0);
INSERT INTO dtb_bloc (device_type_id, bloc_id, bloc_name, tpl_path, filename, create_date, update_date, php_path, deletable_flg) VALUES (10, 8, 'Calendar', 'calendar.tpl', 'calendar', CURRENT_TIMESTAMP, CURRENT_TIMESTAMP, 'frontparts/bloc/calendar.php', 0);
INSERT INTO dtb_bloc (device_type_id, bloc_id, bloc_name, tpl_path, filename, create_date, update_date, php_path, deletable_flg) VALUES (10, 9, '[Header] Login', 'login_header.tpl', 'login_header', CURRENT_TIMESTAMP, CURRENT_TIMESTAMP, 'frontparts/bloc/login_header.php', 0);
INSERT INTO dtb_bloc (device_type_id, bloc_id, bloc_name, tpl_path, filename, create_date, update_date, php_path, deletable_flg) VALUES (1, 1, 'Site logo', 'site_logo.tpl', 'site_logo', CURRENT_TIMESTAMP, CURRENT_TIMESTAMP, NULL, 0);
INSERT INTO dtb_bloc (device_type_id, bloc_id, bloc_name, tpl_path, filename, create_date, update_date, php_path, deletable_flg) VALUES (1, 2, 'New information', 'news.tpl', 'news', CURRENT_TIMESTAMP, CURRENT_TIMESTAMP, 'frontparts/bloc/news.php', 0);
INSERT INTO dtb_bloc (device_type_id, bloc_id, bloc_name, tpl_path, filename, create_date, update_date, php_path, deletable_flg) VALUES (1, 3, 'Recommended product', 'recommend.tpl', 'recommend', CURRENT_TIMESTAMP, CURRENT_TIMESTAMP, 'frontparts/bloc/recommend.php', 0);
INSERT INTO dtb_bloc (device_type_id, bloc_id, bloc_name, tpl_path, filename, create_date, update_date, php_path, deletable_flg) VALUES (1, 4, 'Category', 'category.tpl', 'category', CURRENT_TIMESTAMP, CURRENT_TIMESTAMP, 'frontparts/bloc/category.php', 0);
INSERT INTO dtb_bloc (device_type_id, bloc_id, bloc_name, tpl_path, filename, create_date, update_date, php_path, deletable_flg) VALUES (2, 1, 'New information', 'news.tpl', 'news', CURRENT_TIMESTAMP, CURRENT_TIMESTAMP, 'frontparts/bloc/news.php', 0);
INSERT INTO dtb_bloc (device_type_id, bloc_id, bloc_name, tpl_path, filename, create_date, update_date, php_path, deletable_flg) VALUES (2, 2, 'Login', 'login.tpl', 'login', CURRENT_TIMESTAMP, CURRENT_TIMESTAMP, 'frontparts/bloc/login.php', 0);
INSERT INTO dtb_bloc (device_type_id, bloc_id, bloc_name, tpl_path, filename, create_date, update_date, php_path, deletable_flg) VALUES (2, 3, 'Recommended product', 'recommend.tpl', 'recommend', CURRENT_TIMESTAMP, CURRENT_TIMESTAMP, 'frontparts/bloc/recommend.php', 0);
INSERT INTO dtb_bloc (device_type_id, bloc_id, bloc_name, tpl_path, filename, create_date, update_date, php_path, deletable_flg) VALUES (2, 4, 'Category', 'category.tpl', 'category', CURRENT_TIMESTAMP, CURRENT_TIMESTAMP, 'frontparts/bloc/category.php', 0);
INSERT INTO dtb_bloc (device_type_id, bloc_id, bloc_name, tpl_path, filename, create_date, update_date, php_path, deletable_flg) VALUES (2, 5, '[Header] Login', 'login_header.tpl', 'login_header', CURRENT_TIMESTAMP, CURRENT_TIMESTAMP, 'frontparts/bloc/login_header.php', 0);
INSERT INTO dtb_bloc (device_type_id, bloc_id, bloc_name, tpl_path, filename, create_date, update_date, php_path, deletable_flg) VALUES (2, 6, '[Header] Navi', 'navi_header.tpl', 'navi_header', CURRENT_TIMESTAMP, CURRENT_TIMESTAMP, 'frontparts/bloc/navi_header.php', 0);
INSERT INTO dtb_bloc (device_type_id, bloc_id, bloc_name, tpl_path, filename, create_date, update_date, php_path, deletable_flg) VALUES (2, 7, '[Footer] Login', 'login_footer.tpl', 'login_footer', CURRENT_TIMESTAMP, CURRENT_TIMESTAMP, 'frontparts/bloc/login_footer.php', 0);
INSERT INTO dtb_bloc (device_type_id, bloc_id, bloc_name, tpl_path, filename, create_date, update_date, php_path, deletable_flg) VALUES (2, 8, '[Footer] Navi', 'navi_footer.tpl', 'navi_footer', CURRENT_TIMESTAMP, CURRENT_TIMESTAMP, 'frontparts/bloc/navi_footer.php', 0);

INSERT INTO dtb_blocposition (device_type_id, page_id, target_id, bloc_id, bloc_row, anywhere) VALUES (10, 1, 1, 1, 2, 0);
INSERT INTO dtb_blocposition (device_type_id, page_id, target_id, bloc_id, bloc_row, anywhere) VALUES (10, 1, 1, 2, 3, 0);
INSERT INTO dtb_blocposition (device_type_id, page_id, target_id, bloc_id, bloc_row, anywhere) VALUES (10, 1, 1, 3, 1, 0);
INSERT INTO dtb_blocposition (device_type_id, page_id, target_id, bloc_id, bloc_row, anywhere) VALUES (10, 1, 3, 4, 2, 0);
INSERT INTO dtb_blocposition (device_type_id, page_id, target_id, bloc_id, bloc_row, anywhere) VALUES (10, 1, 3, 8, 3, 0);
INSERT INTO dtb_blocposition (device_type_id, page_id, target_id, bloc_id, bloc_row, anywhere) VALUES (10, 1, 4, 7, 1, 0);
INSERT INTO dtb_blocposition (device_type_id, page_id, target_id, bloc_id, bloc_row, anywhere) VALUES (10, 1, 4, 5, 2, 0);
INSERT INTO dtb_blocposition (device_type_id, page_id, target_id, bloc_id, bloc_row, anywhere) VALUES (10, 1, 3, 6, 1, 0);
INSERT INTO dtb_blocposition (device_type_id, page_id, target_id, bloc_id, bloc_row, anywhere) VALUES (10, 1, 10, 9, 1, 1);
INSERT INTO dtb_blocposition (device_type_id, page_id, target_id, bloc_id, bloc_row, anywhere) VALUES (10, 2, 1, 1, 2, 0);
INSERT INTO dtb_blocposition (device_type_id, page_id, target_id, bloc_id, bloc_row, anywhere) VALUES (10, 2, 1, 2, 3, 0);
INSERT INTO dtb_blocposition (device_type_id, page_id, target_id, bloc_id, bloc_row, anywhere) VALUES (10, 2, 1, 3, 1, 0);
INSERT INTO dtb_blocposition (device_type_id, page_id, target_id, bloc_id, bloc_row, anywhere) VALUES (10, 3, 1, 1, 2, 0);
INSERT INTO dtb_blocposition (device_type_id, page_id, target_id, bloc_id, bloc_row, anywhere) VALUES (10, 3, 1, 2, 3, 0);
INSERT INTO dtb_blocposition (device_type_id, page_id, target_id, bloc_id, bloc_row, anywhere) VALUES (10, 3, 1, 3, 1, 0);
INSERT INTO dtb_blocposition (device_type_id, page_id, target_id, bloc_id, bloc_row, anywhere) VALUES (10, 4, 1, 1, 2, 0);
INSERT INTO dtb_blocposition (device_type_id, page_id, target_id, bloc_id, bloc_row, anywhere) VALUES (10, 4, 1, 2, 3, 0);
INSERT INTO dtb_blocposition (device_type_id, page_id, target_id, bloc_id, bloc_row, anywhere) VALUES (10, 4, 1, 3, 1, 0);
INSERT INTO dtb_blocposition (device_type_id, page_id, target_id, bloc_id, bloc_row, anywhere) VALUES (10, 5, 1, 1, 2, 0);
INSERT INTO dtb_blocposition (device_type_id, page_id, target_id, bloc_id, bloc_row, anywhere) VALUES (10, 5, 1, 2, 3, 0);
INSERT INTO dtb_blocposition (device_type_id, page_id, target_id, bloc_id, bloc_row, anywhere) VALUES (10, 5, 1, 3, 1, 0);
INSERT INTO dtb_blocposition (device_type_id, page_id, target_id, bloc_id, bloc_row, anywhere) VALUES (10, 6, 1, 1, 2, 0);
INSERT INTO dtb_blocposition (device_type_id, page_id, target_id, bloc_id, bloc_row, anywhere) VALUES (10, 6, 1, 2, 3, 0);
INSERT INTO dtb_blocposition (device_type_id, page_id, target_id, bloc_id, bloc_row, anywhere) VALUES (10, 6, 1, 3, 1, 0);
INSERT INTO dtb_blocposition (device_type_id, page_id, target_id, bloc_id, bloc_row, anywhere) VALUES (10, 7, 1, 1, 2, 0);
INSERT INTO dtb_blocposition (device_type_id, page_id, target_id, bloc_id, bloc_row, anywhere) VALUES (10, 7, 1, 2, 3, 0);
INSERT INTO dtb_blocposition (device_type_id, page_id, target_id, bloc_id, bloc_row, anywhere) VALUES (10, 7, 1, 3, 1, 0);
INSERT INTO dtb_blocposition (device_type_id, page_id, target_id, bloc_id, bloc_row, anywhere) VALUES (10, 8, 1, 1, 2, 0);
INSERT INTO dtb_blocposition (device_type_id, page_id, target_id, bloc_id, bloc_row, anywhere) VALUES (10, 8, 1, 2, 3, 0);
INSERT INTO dtb_blocposition (device_type_id, page_id, target_id, bloc_id, bloc_row, anywhere) VALUES (10, 8, 1, 3, 1, 0);
INSERT INTO dtb_blocposition (device_type_id, page_id, target_id, bloc_id, bloc_row, anywhere) VALUES (10, 9, 1, 1, 2, 0);
INSERT INTO dtb_blocposition (device_type_id, page_id, target_id, bloc_id, bloc_row, anywhere) VALUES (10, 9, 1, 2, 3, 0);
INSERT INTO dtb_blocposition (device_type_id, page_id, target_id, bloc_id, bloc_row, anywhere) VALUES (10, 9, 1, 3, 1, 0);
INSERT INTO dtb_blocposition (device_type_id, page_id, target_id, bloc_id, bloc_row, anywhere) VALUES (10, 10, 1, 1, 2, 0);
INSERT INTO dtb_blocposition (device_type_id, page_id, target_id, bloc_id, bloc_row, anywhere) VALUES (10, 10, 1, 2, 3, 0);
INSERT INTO dtb_blocposition (device_type_id, page_id, target_id, bloc_id, bloc_row, anywhere) VALUES (10, 10, 1, 3, 1, 0);
INSERT INTO dtb_blocposition (device_type_id, page_id, target_id, bloc_id, bloc_row, anywhere) VALUES (10, 11, 1, 1, 2, 0);
INSERT INTO dtb_blocposition (device_type_id, page_id, target_id, bloc_id, bloc_row, anywhere) VALUES (10, 11, 1, 2, 3, 0);
INSERT INTO dtb_blocposition (device_type_id, page_id, target_id, bloc_id, bloc_row, anywhere) VALUES (10, 11, 1, 3, 1, 0);
INSERT INTO dtb_blocposition (device_type_id, page_id, target_id, bloc_id, bloc_row, anywhere) VALUES (10, 12, 1, 1, 2, 0);
INSERT INTO dtb_blocposition (device_type_id, page_id, target_id, bloc_id, bloc_row, anywhere) VALUES (10, 12, 1, 2, 3, 0);
INSERT INTO dtb_blocposition (device_type_id, page_id, target_id, bloc_id, bloc_row, anywhere) VALUES (10, 12, 1, 3, 1, 0);
INSERT INTO dtb_blocposition (device_type_id, page_id, target_id, bloc_id, bloc_row, anywhere) VALUES (10, 13, 1, 1, 2, 0);
INSERT INTO dtb_blocposition (device_type_id, page_id, target_id, bloc_id, bloc_row, anywhere) VALUES (10, 13, 1, 2, 3, 0);
INSERT INTO dtb_blocposition (device_type_id, page_id, target_id, bloc_id, bloc_row, anywhere) VALUES (10, 13, 1, 3, 1, 0);
INSERT INTO dtb_blocposition (device_type_id, page_id, target_id, bloc_id, bloc_row, anywhere) VALUES (10, 14, 1, 1, 2, 0);
INSERT INTO dtb_blocposition (device_type_id, page_id, target_id, bloc_id, bloc_row, anywhere) VALUES (10, 14, 1, 2, 3, 0);
INSERT INTO dtb_blocposition (device_type_id, page_id, target_id, bloc_id, bloc_row, anywhere) VALUES (10, 14, 1, 3, 1, 0);
INSERT INTO dtb_blocposition (device_type_id, page_id, target_id, bloc_id, bloc_row, anywhere) VALUES (10, 15, 1, 1, 2, 0);
INSERT INTO dtb_blocposition (device_type_id, page_id, target_id, bloc_id, bloc_row, anywhere) VALUES (10, 15, 1, 2, 3, 0);
INSERT INTO dtb_blocposition (device_type_id, page_id, target_id, bloc_id, bloc_row, anywhere) VALUES (10, 15, 1, 3, 1, 0);
INSERT INTO dtb_blocposition (device_type_id, page_id, target_id, bloc_id, bloc_row, anywhere) VALUES (10, 16, 1, 1, 2, 0);
INSERT INTO dtb_blocposition (device_type_id, page_id, target_id, bloc_id, bloc_row, anywhere) VALUES (10, 16, 1, 2, 3, 0);
INSERT INTO dtb_blocposition (device_type_id, page_id, target_id, bloc_id, bloc_row, anywhere) VALUES (10, 16, 1, 3, 1, 0);
INSERT INTO dtb_blocposition (device_type_id, page_id, target_id, bloc_id, bloc_row, anywhere) VALUES (10, 17, 1, 1, 2, 0);
INSERT INTO dtb_blocposition (device_type_id, page_id, target_id, bloc_id, bloc_row, anywhere) VALUES (10, 17, 1, 2, 3, 0);
INSERT INTO dtb_blocposition (device_type_id, page_id, target_id, bloc_id, bloc_row, anywhere) VALUES (10, 17, 1, 3, 1, 0);
INSERT INTO dtb_blocposition (device_type_id, page_id, target_id, bloc_id, bloc_row, anywhere) VALUES (10, 18, 1, 1, 2, 0);
INSERT INTO dtb_blocposition (device_type_id, page_id, target_id, bloc_id, bloc_row, anywhere) VALUES (10, 18, 1, 2, 3, 0);
INSERT INTO dtb_blocposition (device_type_id, page_id, target_id, bloc_id, bloc_row, anywhere) VALUES (10, 18, 1, 3, 1, 0);
INSERT INTO dtb_blocposition (device_type_id, page_id, target_id, bloc_id, bloc_row, anywhere) VALUES (10, 19, 1, 1, 2, 0);
INSERT INTO dtb_blocposition (device_type_id, page_id, target_id, bloc_id, bloc_row, anywhere) VALUES (10, 19, 1, 2, 3, 0);
INSERT INTO dtb_blocposition (device_type_id, page_id, target_id, bloc_id, bloc_row, anywhere) VALUES (10, 19, 1, 3, 1, 0);
INSERT INTO dtb_blocposition (device_type_id, page_id, target_id, bloc_id, bloc_row, anywhere) VALUES (10, 20, 1, 1, 2, 0);
INSERT INTO dtb_blocposition (device_type_id, page_id, target_id, bloc_id, bloc_row, anywhere) VALUES (10, 20, 1, 2, 3, 0);
INSERT INTO dtb_blocposition (device_type_id, page_id, target_id, bloc_id, bloc_row, anywhere) VALUES (10, 20, 1, 3, 1, 0);
INSERT INTO dtb_blocposition (device_type_id, page_id, target_id, bloc_id, bloc_row, anywhere) VALUES (10, 21, 1, 1, 2, 0);
INSERT INTO dtb_blocposition (device_type_id, page_id, target_id, bloc_id, bloc_row, anywhere) VALUES (10, 21, 1, 2, 3, 0);
INSERT INTO dtb_blocposition (device_type_id, page_id, target_id, bloc_id, bloc_row, anywhere) VALUES (10, 21, 1, 3, 1, 0);
INSERT INTO dtb_blocposition (device_type_id, page_id, target_id, bloc_id, bloc_row, anywhere) VALUES (10, 22, 1, 1, 2, 0);
INSERT INTO dtb_blocposition (device_type_id, page_id, target_id, bloc_id, bloc_row, anywhere) VALUES (10, 22, 1, 2, 3, 0);
INSERT INTO dtb_blocposition (device_type_id, page_id, target_id, bloc_id, bloc_row, anywhere) VALUES (10, 22, 1, 3, 1, 0);
INSERT INTO dtb_blocposition (device_type_id, page_id, target_id, bloc_id, bloc_row, anywhere) VALUES (10, 23, 1, 1, 2, 0);
INSERT INTO dtb_blocposition (device_type_id, page_id, target_id, bloc_id, bloc_row, anywhere) VALUES (10, 23, 1, 2, 3, 0);
INSERT INTO dtb_blocposition (device_type_id, page_id, target_id, bloc_id, bloc_row, anywhere) VALUES (10, 23, 1, 3, 1, 0);
INSERT INTO dtb_blocposition (device_type_id, page_id, target_id, bloc_id, bloc_row, anywhere) VALUES (10, 24, 1, 1, 2, 0);
INSERT INTO dtb_blocposition (device_type_id, page_id, target_id, bloc_id, bloc_row, anywhere) VALUES (10, 24, 1, 2, 3, 0);
INSERT INTO dtb_blocposition (device_type_id, page_id, target_id, bloc_id, bloc_row, anywhere) VALUES (10, 24, 1, 3, 1, 0);
INSERT INTO dtb_blocposition (device_type_id, page_id, target_id, bloc_id, bloc_row, anywhere) VALUES (10, 25, 1, 1, 2, 0);
INSERT INTO dtb_blocposition (device_type_id, page_id, target_id, bloc_id, bloc_row, anywhere) VALUES (10, 25, 1, 2, 3, 0);
INSERT INTO dtb_blocposition (device_type_id, page_id, target_id, bloc_id, bloc_row, anywhere) VALUES (10, 25, 1, 3, 1, 0);
INSERT INTO dtb_blocposition (device_type_id, page_id, target_id, bloc_id, bloc_row, anywhere) VALUES (10, 26, 1, 1, 2, 0);
INSERT INTO dtb_blocposition (device_type_id, page_id, target_id, bloc_id, bloc_row, anywhere) VALUES (10, 26, 1, 2, 3, 0);
INSERT INTO dtb_blocposition (device_type_id, page_id, target_id, bloc_id, bloc_row, anywhere) VALUES (10, 26, 1, 3, 1, 0);
INSERT INTO dtb_blocposition (device_type_id, page_id, target_id, bloc_id, bloc_row, anywhere) VALUES (10, 27, 1, 1, 2, 0);
INSERT INTO dtb_blocposition (device_type_id, page_id, target_id, bloc_id, bloc_row, anywhere) VALUES (10, 27, 1, 2, 3, 0);
INSERT INTO dtb_blocposition (device_type_id, page_id, target_id, bloc_id, bloc_row, anywhere) VALUES (10, 27, 1, 3, 1, 0);
INSERT INTO dtb_blocposition (device_type_id, page_id, target_id, bloc_id, bloc_row, anywhere) VALUES (10, 28, 1, 1, 2, 0);
INSERT INTO dtb_blocposition (device_type_id, page_id, target_id, bloc_id, bloc_row, anywhere) VALUES (10, 28, 1, 2, 3, 0);
INSERT INTO dtb_blocposition (device_type_id, page_id, target_id, bloc_id, bloc_row, anywhere) VALUES (10, 28, 1, 3, 1, 0);
INSERT INTO dtb_blocposition (device_type_id, page_id, target_id, bloc_id, bloc_row, anywhere) VALUES (1, 1, 10, 1, 1, 0);
INSERT INTO dtb_blocposition (device_type_id, page_id, target_id, bloc_id, bloc_row, anywhere) VALUES (1, 1, 2, 2, 1, 0);
INSERT INTO dtb_blocposition (device_type_id, page_id, target_id, bloc_id, bloc_row, anywhere) VALUES (1, 1, 2, 3, 2, 0);
INSERT INTO dtb_blocposition (device_type_id, page_id, target_id, bloc_id, bloc_row, anywhere) VALUES (1, 1, 2, 4, 3, 0);
INSERT INTO dtb_blocposition (device_type_id, page_id, target_id, bloc_id, bloc_row, anywhere) VALUES (2, 1, 4, 1, 4, 0);
INSERT INTO dtb_blocposition (device_type_id, page_id, target_id, bloc_id, bloc_row, anywhere) VALUES (2, 1, 4, 2, 1, 0);
INSERT INTO dtb_blocposition (device_type_id, page_id, target_id, bloc_id, bloc_row, anywhere) VALUES (2, 1, 4, 3, 2, 0);
INSERT INTO dtb_blocposition (device_type_id, page_id, target_id, bloc_id, bloc_row, anywhere) VALUES (2, 1, 4, 4, 3, 0);
INSERT INTO dtb_blocposition (device_type_id, page_id, target_id, bloc_id, bloc_row, anywhere) VALUES (2, 1, 6, 7, 2, 0);
INSERT INTO dtb_blocposition (device_type_id, page_id, target_id, bloc_id, bloc_row, anywhere) VALUES (2, 1, 6, 8, 1, 0);
INSERT INTO dtb_blocposition (device_type_id, page_id, target_id, bloc_id, bloc_row, anywhere) VALUES (2, 1, 10, 5, 1, 0);
INSERT INTO dtb_blocposition (device_type_id, page_id, target_id, bloc_id, bloc_row, anywhere) VALUES (2, 2, 6, 7, 2, 0);
INSERT INTO dtb_blocposition (device_type_id, page_id, target_id, bloc_id, bloc_row, anywhere) VALUES (2, 2, 6, 8, 1, 0);
INSERT INTO dtb_blocposition (device_type_id, page_id, target_id, bloc_id, bloc_row, anywhere) VALUES (2, 2, 10, 6, 1, 0);
INSERT INTO dtb_blocposition (device_type_id, page_id, target_id, bloc_id, bloc_row, anywhere) VALUES (2, 3, 6, 7, 2, 0);
INSERT INTO dtb_blocposition (device_type_id, page_id, target_id, bloc_id, bloc_row, anywhere) VALUES (2, 3, 6, 8, 1, 0);
INSERT INTO dtb_blocposition (device_type_id, page_id, target_id, bloc_id, bloc_row, anywhere) VALUES (2, 3, 10, 6, 1, 0);
INSERT INTO dtb_blocposition (device_type_id, page_id, target_id, bloc_id, bloc_row, anywhere) VALUES (2, 4, 6, 7, 2, 0);
INSERT INTO dtb_blocposition (device_type_id, page_id, target_id, bloc_id, bloc_row, anywhere) VALUES (2, 4, 6, 8, 1, 0);
INSERT INTO dtb_blocposition (device_type_id, page_id, target_id, bloc_id, bloc_row, anywhere) VALUES (2, 4, 10, 6, 1, 0);
INSERT INTO dtb_blocposition (device_type_id, page_id, target_id, bloc_id, bloc_row, anywhere) VALUES (2, 5, 6, 7, 2, 0);
INSERT INTO dtb_blocposition (device_type_id, page_id, target_id, bloc_id, bloc_row, anywhere) VALUES (2, 5, 6, 8, 1, 0);
INSERT INTO dtb_blocposition (device_type_id, page_id, target_id, bloc_id, bloc_row, anywhere) VALUES (2, 5, 10, 6, 1, 0);
INSERT INTO dtb_blocposition (device_type_id, page_id, target_id, bloc_id, bloc_row, anywhere) VALUES (2, 6, 6, 7, 2, 0);
INSERT INTO dtb_blocposition (device_type_id, page_id, target_id, bloc_id, bloc_row, anywhere) VALUES (2, 6, 6, 8, 1, 0);
INSERT INTO dtb_blocposition (device_type_id, page_id, target_id, bloc_id, bloc_row, anywhere) VALUES (2, 6, 10, 6, 1, 0);
INSERT INTO dtb_blocposition (device_type_id, page_id, target_id, bloc_id, bloc_row, anywhere) VALUES (2, 7, 6, 7, 2, 0);
INSERT INTO dtb_blocposition (device_type_id, page_id, target_id, bloc_id, bloc_row, anywhere) VALUES (2, 7, 6, 8, 1, 0);
INSERT INTO dtb_blocposition (device_type_id, page_id, target_id, bloc_id, bloc_row, anywhere) VALUES (2, 7, 10, 6, 1, 0);
INSERT INTO dtb_blocposition (device_type_id, page_id, target_id, bloc_id, bloc_row, anywhere) VALUES (2, 8, 6, 7, 2, 0);
INSERT INTO dtb_blocposition (device_type_id, page_id, target_id, bloc_id, bloc_row, anywhere) VALUES (2, 8, 6, 8, 1, 0);
INSERT INTO dtb_blocposition (device_type_id, page_id, target_id, bloc_id, bloc_row, anywhere) VALUES (2, 8, 10, 6, 1, 0);
INSERT INTO dtb_blocposition (device_type_id, page_id, target_id, bloc_id, bloc_row, anywhere) VALUES (2, 9, 6, 7, 2, 0);
INSERT INTO dtb_blocposition (device_type_id, page_id, target_id, bloc_id, bloc_row, anywhere) VALUES (2, 9, 6, 8, 1, 0);
INSERT INTO dtb_blocposition (device_type_id, page_id, target_id, bloc_id, bloc_row, anywhere) VALUES (2, 9, 10, 6, 1, 0);
INSERT INTO dtb_blocposition (device_type_id, page_id, target_id, bloc_id, bloc_row, anywhere) VALUES (2, 10, 6, 7, 2, 0);
INSERT INTO dtb_blocposition (device_type_id, page_id, target_id, bloc_id, bloc_row, anywhere) VALUES (2, 10, 6, 8, 1, 0);
INSERT INTO dtb_blocposition (device_type_id, page_id, target_id, bloc_id, bloc_row, anywhere) VALUES (2, 10, 10, 6, 1, 0);
INSERT INTO dtb_blocposition (device_type_id, page_id, target_id, bloc_id, bloc_row, anywhere) VALUES (2, 11, 6, 7, 2, 0);
INSERT INTO dtb_blocposition (device_type_id, page_id, target_id, bloc_id, bloc_row, anywhere) VALUES (2, 11, 6, 8, 1, 0);
INSERT INTO dtb_blocposition (device_type_id, page_id, target_id, bloc_id, bloc_row, anywhere) VALUES (2, 11, 10, 6, 1, 0);
INSERT INTO dtb_blocposition (device_type_id, page_id, target_id, bloc_id, bloc_row, anywhere) VALUES (2, 12, 6, 7, 2, 0);
INSERT INTO dtb_blocposition (device_type_id, page_id, target_id, bloc_id, bloc_row, anywhere) VALUES (2, 12, 6, 8, 1, 0);
INSERT INTO dtb_blocposition (device_type_id, page_id, target_id, bloc_id, bloc_row, anywhere) VALUES (2, 12, 10, 6, 1, 0);
INSERT INTO dtb_blocposition (device_type_id, page_id, target_id, bloc_id, bloc_row, anywhere) VALUES (2, 13, 6, 7, 2, 0);
INSERT INTO dtb_blocposition (device_type_id, page_id, target_id, bloc_id, bloc_row, anywhere) VALUES (2, 13, 6, 8, 1, 0);
INSERT INTO dtb_blocposition (device_type_id, page_id, target_id, bloc_id, bloc_row, anywhere) VALUES (2, 13, 10, 6, 1, 0);
INSERT INTO dtb_blocposition (device_type_id, page_id, target_id, bloc_id, bloc_row, anywhere) VALUES (2, 14, 6, 7, 2, 0);
INSERT INTO dtb_blocposition (device_type_id, page_id, target_id, bloc_id, bloc_row, anywhere) VALUES (2, 14, 6, 8, 1, 0);
INSERT INTO dtb_blocposition (device_type_id, page_id, target_id, bloc_id, bloc_row, anywhere) VALUES (2, 14, 10, 6, 1, 0);
INSERT INTO dtb_blocposition (device_type_id, page_id, target_id, bloc_id, bloc_row, anywhere) VALUES (2, 15, 6, 7, 2, 0);
INSERT INTO dtb_blocposition (device_type_id, page_id, target_id, bloc_id, bloc_row, anywhere) VALUES (2, 15, 6, 8, 1, 0);
INSERT INTO dtb_blocposition (device_type_id, page_id, target_id, bloc_id, bloc_row, anywhere) VALUES (2, 15, 10, 6, 1, 0);
INSERT INTO dtb_blocposition (device_type_id, page_id, target_id, bloc_id, bloc_row, anywhere) VALUES (2, 16, 6, 7, 2, 0);
INSERT INTO dtb_blocposition (device_type_id, page_id, target_id, bloc_id, bloc_row, anywhere) VALUES (2, 16, 6, 8, 1, 0);
INSERT INTO dtb_blocposition (device_type_id, page_id, target_id, bloc_id, bloc_row, anywhere) VALUES (2, 16, 10, 6, 1, 0);
INSERT INTO dtb_blocposition (device_type_id, page_id, target_id, bloc_id, bloc_row, anywhere) VALUES (2, 17, 6, 7, 2, 0);
INSERT INTO dtb_blocposition (device_type_id, page_id, target_id, bloc_id, bloc_row, anywhere) VALUES (2, 17, 6, 8, 1, 0);
INSERT INTO dtb_blocposition (device_type_id, page_id, target_id, bloc_id, bloc_row, anywhere) VALUES (2, 17, 10, 6, 1, 0);
INSERT INTO dtb_blocposition (device_type_id, page_id, target_id, bloc_id, bloc_row, anywhere) VALUES (2, 18, 6, 7, 2, 0);
INSERT INTO dtb_blocposition (device_type_id, page_id, target_id, bloc_id, bloc_row, anywhere) VALUES (2, 18, 6, 8, 1, 0);
INSERT INTO dtb_blocposition (device_type_id, page_id, target_id, bloc_id, bloc_row, anywhere) VALUES (2, 18, 10, 6, 1, 0);
INSERT INTO dtb_blocposition (device_type_id, page_id, target_id, bloc_id, bloc_row, anywhere) VALUES (2, 19, 6, 7, 2, 0);
INSERT INTO dtb_blocposition (device_type_id, page_id, target_id, bloc_id, bloc_row, anywhere) VALUES (2, 19, 6, 8, 1, 0);
INSERT INTO dtb_blocposition (device_type_id, page_id, target_id, bloc_id, bloc_row, anywhere) VALUES (2, 19, 10, 6, 1, 0);
INSERT INTO dtb_blocposition (device_type_id, page_id, target_id, bloc_id, bloc_row, anywhere) VALUES (2, 20, 6, 7, 2, 0);
INSERT INTO dtb_blocposition (device_type_id, page_id, target_id, bloc_id, bloc_row, anywhere) VALUES (2, 20, 6, 8, 1, 0);
INSERT INTO dtb_blocposition (device_type_id, page_id, target_id, bloc_id, bloc_row, anywhere) VALUES (2, 20, 10, 6, 1, 0);
INSERT INTO dtb_blocposition (device_type_id, page_id, target_id, bloc_id, bloc_row, anywhere) VALUES (2, 21, 6, 7, 2, 0);
INSERT INTO dtb_blocposition (device_type_id, page_id, target_id, bloc_id, bloc_row, anywhere) VALUES (2, 21, 6, 8, 1, 0);
INSERT INTO dtb_blocposition (device_type_id, page_id, target_id, bloc_id, bloc_row, anywhere) VALUES (2, 21, 10, 6, 1, 0);
INSERT INTO dtb_blocposition (device_type_id, page_id, target_id, bloc_id, bloc_row, anywhere) VALUES (2, 22, 6, 7, 2, 0);
INSERT INTO dtb_blocposition (device_type_id, page_id, target_id, bloc_id, bloc_row, anywhere) VALUES (2, 22, 6, 8, 1, 0);
INSERT INTO dtb_blocposition (device_type_id, page_id, target_id, bloc_id, bloc_row, anywhere) VALUES (2, 22, 10, 6, 1, 0);
INSERT INTO dtb_blocposition (device_type_id, page_id, target_id, bloc_id, bloc_row, anywhere) VALUES (2, 23, 6, 7, 2, 0);
INSERT INTO dtb_blocposition (device_type_id, page_id, target_id, bloc_id, bloc_row, anywhere) VALUES (2, 23, 6, 8, 1, 0);
INSERT INTO dtb_blocposition (device_type_id, page_id, target_id, bloc_id, bloc_row, anywhere) VALUES (2, 23, 10, 6, 1, 0);
INSERT INTO dtb_blocposition (device_type_id, page_id, target_id, bloc_id, bloc_row, anywhere) VALUES (2, 24, 6, 7, 2, 0);
INSERT INTO dtb_blocposition (device_type_id, page_id, target_id, bloc_id, bloc_row, anywhere) VALUES (2, 24, 6, 8, 1, 0);
INSERT INTO dtb_blocposition (device_type_id, page_id, target_id, bloc_id, bloc_row, anywhere) VALUES (2, 24, 10, 6, 1, 0);
INSERT INTO dtb_blocposition (device_type_id, page_id, target_id, bloc_id, bloc_row, anywhere) VALUES (2, 25, 6, 7, 2, 0);
INSERT INTO dtb_blocposition (device_type_id, page_id, target_id, bloc_id, bloc_row, anywhere) VALUES (2, 25, 6, 8, 1, 0);
INSERT INTO dtb_blocposition (device_type_id, page_id, target_id, bloc_id, bloc_row, anywhere) VALUES (2, 25, 10, 6, 1, 0);
INSERT INTO dtb_blocposition (device_type_id, page_id, target_id, bloc_id, bloc_row, anywhere) VALUES (2, 26, 6, 7, 2, 0);
INSERT INTO dtb_blocposition (device_type_id, page_id, target_id, bloc_id, bloc_row, anywhere) VALUES (2, 26, 6, 8, 1, 0);
INSERT INTO dtb_blocposition (device_type_id, page_id, target_id, bloc_id, bloc_row, anywhere) VALUES (2, 26, 10, 6, 1, 0);
INSERT INTO dtb_blocposition (device_type_id, page_id, target_id, bloc_id, bloc_row, anywhere) VALUES (2, 27, 6, 7, 2, 0);
INSERT INTO dtb_blocposition (device_type_id, page_id, target_id, bloc_id, bloc_row, anywhere) VALUES (2, 27, 6, 8, 1, 0);
INSERT INTO dtb_blocposition (device_type_id, page_id, target_id, bloc_id, bloc_row, anywhere) VALUES (2, 27, 10, 6, 1, 0);
INSERT INTO dtb_blocposition (device_type_id, page_id, target_id, bloc_id, bloc_row, anywhere) VALUES (2, 28, 6, 7, 2, 0);
INSERT INTO dtb_blocposition (device_type_id, page_id, target_id, bloc_id, bloc_row, anywhere) VALUES (2, 28, 6, 8, 1, 0);
INSERT INTO dtb_blocposition (device_type_id, page_id, target_id, bloc_id, bloc_row, anywhere) VALUES (2, 28, 10, 6, 1, 0);
INSERT INTO dtb_blocposition (device_type_id, page_id, target_id, bloc_id, bloc_row, anywhere) VALUES (2, 29, 6, 7, 2, 0);
INSERT INTO dtb_blocposition (device_type_id, page_id, target_id, bloc_id, bloc_row, anywhere) VALUES (2, 29, 6, 8, 1, 0);
INSERT INTO dtb_blocposition (device_type_id, page_id, target_id, bloc_id, bloc_row, anywhere) VALUES (2, 29, 10, 6, 1, 0);

INSERT INTO dtb_category (category_id, category_name, parent_category_id, level, rank, creator_id, create_date, update_date, del_flg) VALUES (1, 'Tops', 0, 1, 5, 2, CURRENT_TIMESTAMP, CURRENT_TIMESTAMP, 0);
INSERT INTO dtb_category (category_id, category_name, parent_category_id, level, rank, creator_id, create_date, update_date, del_flg) VALUES (2, 'Accessory', 0, 1, 6, 2, CURRENT_TIMESTAMP, CURRENT_TIMESTAMP, 0);
INSERT INTO dtb_category (category_id, category_name, parent_category_id, level, rank, creator_id, create_date, update_date, del_flg) VALUES (3, 'Pants', 1, 2, 3, 2, CURRENT_TIMESTAMP, CURRENT_TIMESTAMP, 0);
INSERT INTO dtb_category (category_id, category_name, parent_category_id, level, rank, creator_id, create_date, update_date, del_flg) VALUES (4, 'T-shirts', 1, 2, 4, 2, CURRENT_TIMESTAMP, CURRENT_TIMESTAMP, 0);
INSERT INTO dtb_category (category_id, category_name, parent_category_id, level, rank, creator_id, create_date, update_date, del_flg) VALUES (5, 'Other', 0, 1, 2, 2, CURRENT_TIMESTAMP, CURRENT_TIMESTAMP, 0);
INSERT INTO dtb_category (category_id, category_name, parent_category_id, level, rank, creator_id, create_date, update_date, del_flg) VALUES (6, 'Pattern', 5, 2, 1, 2, CURRENT_TIMESTAMP, CURRENT_TIMESTAMP, 0);

INSERT INTO dtb_category_count (category_id, product_count, create_date) VALUES (4, 2, CURRENT_TIMESTAMP);
INSERT INTO dtb_category_count (category_id, product_count, create_date) VALUES (6, 1, CURRENT_TIMESTAMP);

INSERT INTO dtb_category_total_count (category_id, product_count, create_date) VALUES (1, 2, CURRENT_TIMESTAMP);
INSERT INTO dtb_category_total_count (category_id, product_count, create_date) VALUES (2, NULL, CURRENT_TIMESTAMP);
INSERT INTO dtb_category_total_count (category_id, product_count, create_date) VALUES (3, NULL, CURRENT_TIMESTAMP);
INSERT INTO dtb_category_total_count (category_id, product_count, create_date) VALUES (4, 2, CURRENT_TIMESTAMP);
INSERT INTO dtb_category_total_count (category_id, product_count, create_date) VALUES (5, 1, CURRENT_TIMESTAMP);
INSERT INTO dtb_category_total_count (category_id, product_count, create_date) VALUES (6, 1, CURRENT_TIMESTAMP);

INSERT INTO dtb_class (class_id, name, rank, creator_id, create_date, update_date, del_flg) VALUES (1, 'Taste', 1, 2, CURRENT_TIMESTAMP, CURRENT_TIMESTAMP, 0);
INSERT INTO dtb_class (class_id, name, rank, creator_id, create_date, update_date, del_flg) VALUES (2, 'Size', 2, 2, CURRENT_TIMESTAMP, CURRENT_TIMESTAMP, 0);
INSERT INTO dtb_classcategory (classcategory_id, name, class_id, rank, creator_id, create_date, update_date, del_flg) VALUES (1, 'Vanilla', 1, 1, 2, CURRENT_TIMESTAMP, CURRENT_TIMESTAMP, 0);
INSERT INTO dtb_classcategory (classcategory_id, name, class_id, rank, creator_id, create_date, update_date, del_flg) VALUES (2, 'Chocolate', 1, 2, 2, CURRENT_TIMESTAMP, CURRENT_TIMESTAMP, 0);
INSERT INTO dtb_classcategory (classcategory_id, name, class_id, rank, creator_id, create_date, update_date, del_flg) VALUES (3, 'Matcha', 1, 3, 2, CURRENT_TIMESTAMP, CURRENT_TIMESTAMP, 0);
INSERT INTO dtb_classcategory (classcategory_id, name, class_id, rank, creator_id, create_date, update_date, del_flg) VALUES (4, 'L', 2, 1, 2, CURRENT_TIMESTAMP, CURRENT_TIMESTAMP, 0);
INSERT INTO dtb_classcategory (classcategory_id, name, class_id, rank, creator_id, create_date, update_date, del_flg) VALUES (5, 'M', 2, 2, 2, CURRENT_TIMESTAMP, CURRENT_TIMESTAMP, 0);
INSERT INTO dtb_classcategory (classcategory_id, name, class_id, rank, creator_id, create_date, update_date, del_flg) VALUES (6, 'S', 2, 3, 2, CURRENT_TIMESTAMP, CURRENT_TIMESTAMP, 0);
INSERT INTO dtb_classcategory (classcategory_id, name, class_id, rank, creator_id, create_date, update_date, del_flg) VALUES (0, NULL, 0, 0, 0, CURRENT_TIMESTAMP, CURRENT_TIMESTAMP, 0);

INSERT INTO dtb_csv (no, csv_id, col, disp_name, rank, rw_flg, status, create_date, update_date, mb_convert_kana_option, size_const_type, error_check_types) VALUES (1, 1, 'product_id', 'Product ID', 1, 3, 1, CURRENT_TIMESTAMP, CURRENT_TIMESTAMP, 'n', 'INT_LEN', 'NUM_CHECK,MAX_LENGTH_CHECK');
INSERT INTO dtb_csv (no, csv_id, col, disp_name, rank, rw_flg, status, create_date, update_date, mb_convert_kana_option, size_const_type, error_check_types) VALUES (2, 1, 'product_class_id', 'Product specification ID', 2, 3, 1, CURRENT_TIMESTAMP, CURRENT_TIMESTAMP, 'n', 'INT_LEN', 'NUM_CHECK,MAX_LENGTH_CHECK');
INSERT INTO dtb_csv (no, csv_id, col, disp_name, rank, rw_flg, status, create_date, update_date, mb_convert_kana_option, size_const_type, error_check_types) VALUES (3, 1, 'parent_classcategory_id', 'New specification category ID', 3, 2, 1, CURRENT_TIMESTAMP, CURRENT_TIMESTAMP, 'n', 'INT_LEN', 'NUM_CHECK,MAX_LENGTH_CHECK');
INSERT INTO dtb_csv (no, csv_id, col, disp_name, rank, rw_flg, status, create_date, update_date, mb_convert_kana_option, size_const_type, error_check_types) VALUES (4, 1, 'classcategory_id', 'specification category ID', 4, 2, 1, CURRENT_TIMESTAMP, CURRENT_TIMESTAMP, 'n', 'INT_LEN', 'NUM_CHECK,MAX_LENGTH_CHECK');
INSERT INTO dtb_csv (no, csv_id, col, disp_name, rank, rw_flg, status, create_date, update_date, mb_convert_kana_option, size_const_type, error_check_types) VALUES (5, 1, 'parent_classcategory_name', 'New specification category name', 5, 2, 1, CURRENT_TIMESTAMP, CURRENT_TIMESTAMP, 'KVa', 'STEXT_LEN', 'SPTAB_CHECK,MAX_LENGTH_CHECK');
INSERT INTO dtb_csv (no, csv_id, col, disp_name, rank, rw_flg, status, create_date, update_date, mb_convert_kana_option, size_const_type, error_check_types) VALUES (6, 1, 'classcategory_name', 'Standard category name', 6, 2, 1, CURRENT_TIMESTAMP, CURRENT_TIMESTAMP, 'KVa', 'STEXT_LEN', 'SPTAB_CHECK,MAX_LENGTH_CHECK');
INSERT INTO dtb_csv (no, csv_id, col, disp_name, rank, rw_flg, status, create_date, update_date, mb_convert_kana_option, size_const_type, error_check_types) VALUES (7, 1, 'maker_id', 'Manufacturer ID', 7, 1, 1, CURRENT_TIMESTAMP, CURRENT_TIMESTAMP, 'n', 'INT_LEN', 'NUM_CHECK,MAX_LENGTH_CHECK');
INSERT INTO dtb_csv (no, csv_id, col, disp_name, rank, rw_flg, status, create_date, update_date, mb_convert_kana_option, size_const_type, error_check_types) VALUES (8, 1, '(SELECT name as maker_name FROM dtb_maker WHERE prdcls.maker_id = dtb_maker.maker_id) as maker_name', 'Manufacturer name', 8, 2, 1, CURRENT_TIMESTAMP, CURRENT_TIMESTAMP, 'KVa', 'STEXT_LEN', 'SPTAB_CHECK,MAX_LENGTH_CHECK');
INSERT INTO dtb_csv (no, csv_id, col, disp_name, rank, rw_flg, status, create_date, update_date, mb_convert_kana_option, size_const_type, error_check_types) VALUES (9, 1, 'name', 'Product name', 9, 1, 1, CURRENT_TIMESTAMP, CURRENT_TIMESTAMP, 'KVa', 'STEXT_LEN', 'SPTAB_CHECK,MAX_LENGTH_CHECK,EXIST_CHECK');
INSERT INTO dtb_csv (no, csv_id, col, disp_name, rank, rw_flg, status, create_date, update_date, mb_convert_kana_option, size_const_type, error_check_types) VALUES (10, 1, 'status', 'Display status (public/non-public)', 10, 1, 1, CURRENT_TIMESTAMP, CURRENT_TIMESTAMP, 'n', 'INT_LEN', 'NUM_CHECK,MAX_LENGTH_CHECK');
INSERT INTO dtb_csv (no, csv_id, col, disp_name, rank, rw_flg, status, create_date, update_date, mb_convert_kana_option, size_const_type, error_check_types) VALUES (11, 1, 'comment1', 'Manufacturer URL (Comment 1)', 11, 1, 1, CURRENT_TIMESTAMP, CURRENT_TIMESTAMP, 'KVa', 'URL_LEN', 'SPTAB_CHECK,MAX_LENGTH_CHECK,URL_CHECK');
INSERT INTO dtb_csv (no, csv_id, col, disp_name, rank, rw_flg, status, create_date, update_date, mb_convert_kana_option, size_const_type, error_check_types) VALUES (12, 1, 'comment2', 'Comment 2', 12, 1, 1, CURRENT_TIMESTAMP, CURRENT_TIMESTAMP, 'KVa', 'LLTEXT_LEN', 'SPTAB_CHECK,MAX_LENGTH_CHECK');
INSERT INTO dtb_csv (no, csv_id, col, disp_name, rank, rw_flg, status, create_date, update_date, mb_convert_kana_option, size_const_type, error_check_types) VALUES (13, 1, 'comment3', 'Search word (comment 3)', 13, 1, 1, CURRENT_TIMESTAMP, CURRENT_TIMESTAMP, 'KVa', 'LLTEXT_LEN', 'SPTAB_CHECK,MAX_LENGTH_CHECK');
INSERT INTO dtb_csv (no, csv_id, col, disp_name, rank, rw_flg, status, create_date, update_date, mb_convert_kana_option, size_const_type, error_check_types) VALUES (14, 1, 'comment4', 'Comment 4', 14, 1, 1, CURRENT_TIMESTAMP, CURRENT_TIMESTAMP, 'KVa', 'LLTEXT_LEN', 'SPTAB_CHECK,MAX_LENGTH_CHECK');
INSERT INTO dtb_csv (no, csv_id, col, disp_name, rank, rw_flg, status, create_date, update_date, mb_convert_kana_option, size_const_type, error_check_types) VALUES (15, 1, 'comment5', 'Comment 5', 15, 1, 1, CURRENT_TIMESTAMP, CURRENT_TIMESTAMP, 'KVa', 'LLTEXT_LEN', 'SPTAB_CHECK,MAX_LENGTH_CHECK');
INSERT INTO dtb_csv (no, csv_id, col, disp_name, rank, rw_flg, status, create_date, update_date, mb_convert_kana_option, size_const_type, error_check_types) VALUES (16, 1, 'comment6', 'Comment 6', 16, 1, 1, CURRENT_TIMESTAMP, CURRENT_TIMESTAMP, 'KVa', 'LLTEXT_LEN', 'SPTAB_CHECK,MAX_LENGTH_CHECK');
INSERT INTO dtb_csv (no, csv_id, col, disp_name, rank, rw_flg, status, create_date, update_date, mb_convert_kana_option, size_const_type, error_check_types) VALUES (17, 1, 'note', 'Remarks column (for SHOP)', 17, 1, 1, CURRENT_TIMESTAMP, CURRENT_TIMESTAMP, 'KVa', 'LLTEXT_LEN', 'SPTAB_CHECK,MAX_LENGTH_CHECK');
INSERT INTO dtb_csv (no, csv_id, col, disp_name, rank, rw_flg, status, create_date, update_date, mb_convert_kana_option, size_const_type, error_check_types) VALUES (18, 1, 'main_list_comment', 'List - Main comments', 18, 1, 1, CURRENT_TIMESTAMP, CURRENT_TIMESTAMP, 'KVa', 'MTEXT_LEN', 'SPTAB_CHECK,MAX_LENGTH_CHECK,EXIST_CHECK');
INSERT INTO dtb_csv (no, csv_id, col, disp_name, rank, rw_flg, status, create_date, update_date, mb_convert_kana_option, size_const_type, error_check_types) VALUES (19, 1, 'main_list_image', 'List - Main images', 19, 1, 1, CURRENT_TIMESTAMP, CURRENT_TIMESTAMP, NULL, 'LTEXT_LEN', 'SPTAB_CHECK,MAX_LENGTH_CHECK,FILE_EXISTS');
INSERT INTO dtb_csv (no, csv_id, col, disp_name, rank, rw_flg, status, create_date, update_date, mb_convert_kana_option, size_const_type, error_check_types) VALUES (20, 1, 'main_comment', 'Details - Main comment', 20, 1, 1, CURRENT_TIMESTAMP, CURRENT_TIMESTAMP, 'KVa', 'LLTEXT_LEN', 'SPTAB_CHECK,MAX_LENGTH_CHECK,EXIST_CHECK,HTML_TAG_CHECK');
INSERT INTO dtb_csv (no, csv_id, col, disp_name, rank, rw_flg, status, create_date, update_date, mb_convert_kana_option, size_const_type, error_check_types) VALUES (21, 1, 'main_image', 'Details - Main image', 21, 1, 1, CURRENT_TIMESTAMP, CURRENT_TIMESTAMP, NULL, 'LTEXT_LEN', 'SPTAB_CHECK,MAX_LENGTH_CHECK,FILE_EXISTS');
INSERT INTO dtb_csv (no, csv_id, col, disp_name, rank, rw_flg, status, create_date, update_date, mb_convert_kana_option, size_const_type, error_check_types) VALUES (22, 1, 'main_large_image', 'Details - Main enlarged image', 22, 1, 1, CURRENT_TIMESTAMP, CURRENT_TIMESTAMP, NULL, 'LTEXT_LEN', 'SPTAB_CHECK,MAX_LENGTH_CHECK,FILE_EXISTS');
INSERT INTO dtb_csv (no, csv_id, col, disp_name, rank, rw_flg, status, create_date, update_date, mb_convert_kana_option, size_const_type, error_check_types) VALUES (23, 1, 'sub_title1', 'Details - Subtitle(1)', 23, 1, 1, CURRENT_TIMESTAMP, CURRENT_TIMESTAMP, 'KVa', 'STEXT_LEN', 'SPTAB_CHECK,MAX_LENGTH_CHECK');
INSERT INTO dtb_csv (no, csv_id, col, disp_name, rank, rw_flg, status, create_date, update_date, mb_convert_kana_option, size_const_type, error_check_types) VALUES (24, 1, 'sub_comment1', 'Details - Sub comment (1)', 24, 1, 1, CURRENT_TIMESTAMP, CURRENT_TIMESTAMP, 'KVa', 'LLTEXT_LEN', 'SPTAB_CHECK,MAX_LENGTH_CHECK,HTML_TAG_CHECK');
INSERT INTO dtb_csv (no, csv_id, col, disp_name, rank, rw_flg, status, create_date, update_date, mb_convert_kana_option, size_const_type, error_check_types) VALUES (25, 1, 'sub_image1', 'Details - Sub image (1)', 25, 1, 1, CURRENT_TIMESTAMP, CURRENT_TIMESTAMP, NULL, 'LTEXT_LEN', 'SPTAB_CHECK,MAX_LENGTH_CHECK,FILE_EXISTS');
INSERT INTO dtb_csv (no, csv_id, col, disp_name, rank, rw_flg, status, create_date, update_date, mb_convert_kana_option, size_const_type, error_check_types) VALUES (26, 1, 'sub_large_image1', 'Details - Sub enlarged image (1)', 26, 1, 1, CURRENT_TIMESTAMP, CURRENT_TIMESTAMP, NULL, 'LTEXT_LEN', 'SPTAB_CHECK,MAX_LENGTH_CHECK,FILE_EXISTS');
INSERT INTO dtb_csv (no, csv_id, col, disp_name, rank, rw_flg, status, create_date, update_date, mb_convert_kana_option, size_const_type, error_check_types) VALUES (27, 1, 'sub_title2', 'Details - Subtitle(2)', 27, 1, 1, CURRENT_TIMESTAMP, CURRENT_TIMESTAMP, 'KVa', 'STEXT_LEN', 'SPTAB_CHECK,MAX_LENGTH_CHECK');
INSERT INTO dtb_csv (no, csv_id, col, disp_name, rank, rw_flg, status, create_date, update_date, mb_convert_kana_option, size_const_type, error_check_types) VALUES (28, 1, 'sub_comment2', 'Details - Sub comment (2)', 28, 1, 1, CURRENT_TIMESTAMP, CURRENT_TIMESTAMP, 'KVa', 'LLTEXT_LEN', 'SPTAB_CHECK,MAX_LENGTH_CHECK');
INSERT INTO dtb_csv (no, csv_id, col, disp_name, rank, rw_flg, status, create_date, update_date, mb_convert_kana_option, size_const_type, error_check_types) VALUES (29, 1, 'sub_image2', 'Details - Sub image (2)', 29, 1, 1, CURRENT_TIMESTAMP, CURRENT_TIMESTAMP, NULL, 'LTEXT_LEN', 'SPTAB_CHECK,MAX_LENGTH_CHECK,FILE_EXISTS');
INSERT INTO dtb_csv (no, csv_id, col, disp_name, rank, rw_flg, status, create_date, update_date, mb_convert_kana_option, size_const_type, error_check_types) VALUES (30, 1, 'sub_large_image2', 'Details - Sub enlarged image (2)', 30, 1, 1, CURRENT_TIMESTAMP, CURRENT_TIMESTAMP, NULL, 'LTEXT_LEN', 'SPTAB_CHECK,MAX_LENGTH_CHECK,FILE_EXISTS');
INSERT INTO dtb_csv (no, csv_id, col, disp_name, rank, rw_flg, status, create_date, update_date, mb_convert_kana_option, size_const_type, error_check_types) VALUES (31, 1, 'sub_title3', 'Details - Subtitle(3)', 31, 1, 1, CURRENT_TIMESTAMP, CURRENT_TIMESTAMP, NULL, 'STEXT_LEN', 'SPTAB_CHECK,MAX_LENGTH_CHECK');
INSERT INTO dtb_csv (no, csv_id, col, disp_name, rank, rw_flg, status, create_date, update_date, mb_convert_kana_option, size_const_type, error_check_types) VALUES (32, 1, 'sub_comment3', 'Details - Sub comment (3)', 32, 1, 1, CURRENT_TIMESTAMP, CURRENT_TIMESTAMP, 'KVa', 'LLTEXT_LEN', 'SPTAB_CHECK,MAX_LENGTH_CHECK');
INSERT INTO dtb_csv (no, csv_id, col, disp_name, rank, rw_flg, status, create_date, update_date, mb_convert_kana_option, size_const_type, error_check_types) VALUES (33, 1, 'sub_image3', 'Details - Sub image (3)', 33, 1, 1, CURRENT_TIMESTAMP, CURRENT_TIMESTAMP, NULL, 'LTEXT_LEN', 'SPTAB_CHECK,MAX_LENGTH_CHECK,FILE_EXISTS');
INSERT INTO dtb_csv (no, csv_id, col, disp_name, rank, rw_flg, status, create_date, update_date, mb_convert_kana_option, size_const_type, error_check_types) VALUES (34, 1, 'sub_large_image3', 'Details - Sub enlarged image (3)', 34, 1, 1, CURRENT_TIMESTAMP, CURRENT_TIMESTAMP, NULL, 'LTEXT_LEN', 'SPTAB_CHECK,MAX_LENGTH_CHECK,FILE_EXISTS');
INSERT INTO dtb_csv (no, csv_id, col, disp_name, rank, rw_flg, status, create_date, update_date, mb_convert_kana_option, size_const_type, error_check_types) VALUES (35, 1, 'sub_title4', 'Details - Subtitle(4)', 35, 1, 1, CURRENT_TIMESTAMP, CURRENT_TIMESTAMP, 'KVa', 'STEXT_LEN', 'SPTAB_CHECK,MAX_LENGTH_CHECK');
INSERT INTO dtb_csv (no, csv_id, col, disp_name, rank, rw_flg, status, create_date, update_date, mb_convert_kana_option, size_const_type, error_check_types) VALUES (36, 1, 'sub_comment4', 'Details - Sub comment (4)', 36, 1, 1, CURRENT_TIMESTAMP, CURRENT_TIMESTAMP, 'KVa', 'LLTEXT_LEN', 'SPTAB_CHECK,MAX_LENGTH_CHECK');
INSERT INTO dtb_csv (no, csv_id, col, disp_name, rank, rw_flg, status, create_date, update_date, mb_convert_kana_option, size_const_type, error_check_types) VALUES (37, 1, 'sub_image4', 'Details - Sub image (4)', 37, 1, 1, CURRENT_TIMESTAMP, CURRENT_TIMESTAMP, NULL, 'LTEXT_LEN', 'SPTAB_CHECK,MAX_LENGTH_CHECK,FILE_EXISTS');
INSERT INTO dtb_csv (no, csv_id, col, disp_name, rank, rw_flg, status, create_date, update_date, mb_convert_kana_option, size_const_type, error_check_types) VALUES (38, 1, 'sub_large_image4', 'Details - Sub enlarged image (4)', 38, 1, 1, CURRENT_TIMESTAMP, CURRENT_TIMESTAMP, NULL, 'LTEXT_LEN', 'SPTAB_CHECK,MAX_LENGTH_CHECK,FILE_EXISTS');
INSERT INTO dtb_csv (no, csv_id, col, disp_name, rank, rw_flg, status, create_date, update_date, mb_convert_kana_option, size_const_type, error_check_types) VALUES (39, 1, 'sub_title5', 'Details - Subtitle(5)', 39, 1, 1, CURRENT_TIMESTAMP, CURRENT_TIMESTAMP, 'KVa', 'STEXT_LEN', 'SPTAB_CHECK,MAX_LENGTH_CHECK');
INSERT INTO dtb_csv (no, csv_id, col, disp_name, rank, rw_flg, status, create_date, update_date, mb_convert_kana_option, size_const_type, error_check_types) VALUES (40, 1, 'sub_comment5', 'Details - Sub comment (5)', 40, 1, 1, CURRENT_TIMESTAMP, CURRENT_TIMESTAMP, 'KVa', 'LLTEXT_LEN', 'SPTAB_CHECK,MAX_LENGTH_CHECK');
INSERT INTO dtb_csv (no, csv_id, col, disp_name, rank, rw_flg, status, create_date, update_date, mb_convert_kana_option, size_const_type, error_check_types) VALUES (41, 1, 'sub_image5', 'Details - Sub image (5)', 41, 1, 1, CURRENT_TIMESTAMP, CURRENT_TIMESTAMP, NULL, 'LTEXT_LEN', 'SPTAB_CHECK,MAX_LENGTH_CHECK,FILE_EXISTS');
INSERT INTO dtb_csv (no, csv_id, col, disp_name, rank, rw_flg, status, create_date, update_date, mb_convert_kana_option, size_const_type, error_check_types) VALUES (42, 1, 'sub_large_image5', 'Details - Sub enlarged image (5)', 42, 1, 1, CURRENT_TIMESTAMP, CURRENT_TIMESTAMP, NULL, 'LTEXT_LEN', 'SPTAB_CHECK,MAX_LENGTH_CHECK,FILE_EXISTS');
INSERT INTO dtb_csv (no, csv_id, col, disp_name, rank, rw_flg, status, create_date, update_date, mb_convert_kana_option, size_const_type, error_check_types) VALUES (43, 1, 'deliv_date_id', 'Est. delivery ID', 43, 1, 1, CURRENT_TIMESTAMP, CURRENT_TIMESTAMP, 'n', 'INT_LEN', 'NUM_CHECK,MAX_LENGTH_CHECK');
INSERT INTO dtb_csv (no, csv_id, col, disp_name, rank, rw_flg, status, create_date, update_date, mb_convert_kana_option, size_const_type, error_check_types) VALUES (44, 1, 'del_flg', 'Deletion flag', 44, 1, 1, CURRENT_TIMESTAMP, CURRENT_TIMESTAMP, 'n', 'INT_LEN', 'NUM_CHECK,MAX_LENGTH_CHECK');
INSERT INTO dtb_csv (no, csv_id, col, disp_name, rank, rw_flg, status, create_date, update_date, mb_convert_kana_option, size_const_type, error_check_types) VALUES (45, 1, 'product_type_id', 'Product type ID', 45, 1, 1, CURRENT_TIMESTAMP, CURRENT_TIMESTAMP, 'n', 'INT_LEN', 'NUM_CHECK,MAX_LENGTH_CHECK');
INSERT INTO dtb_csv (no, csv_id, col, disp_name, rank, rw_flg, status, create_date, update_date, mb_convert_kana_option, size_const_type, error_check_types) VALUES (46, 1, 'product_code', 'Product code', 46, 1, 1, CURRENT_TIMESTAMP, CURRENT_TIMESTAMP, 'KVa', 'STEXT_LEN', 'SPTAB_CHECK,MAX_LENGTH_CHECK');
INSERT INTO dtb_csv (no, csv_id, col, disp_name, rank, rw_flg, status, create_date, update_date, mb_convert_kana_option, size_const_type, error_check_types) VALUES (47, 1, 'stock', 'Inventory count', 47, 1, 1, CURRENT_TIMESTAMP, CURRENT_TIMESTAMP, 'n', 'AMOUNT_LEN', 'NUM_CHECK,MAX_LENGTH_CHECK');
INSERT INTO dtb_csv (no, csv_id, col, disp_name, rank, rw_flg, status, create_date, update_date, mb_convert_kana_option, size_const_type, error_check_types) VALUES (48, 1, 'stock_unlimited', 'Unlimited inventory flag', 48, 1, 1, CURRENT_TIMESTAMP, CURRENT_TIMESTAMP, 'n', 'INT_LEN', 'NUM_CHECK,MAX_LENGTH_CHECK');
INSERT INTO dtb_csv (no, csv_id, col, disp_name, rank, rw_flg, status, create_date, update_date, mb_convert_kana_option, size_const_type, error_check_types) VALUES (49, 1, 'sale_limit', 'Number of sales restrictions', 49, 1, 1, CURRENT_TIMESTAMP, CURRENT_TIMESTAMP, 'n', 'AMOUNT_LEN', 'NUM_CHECK,MAX_LENGTH_CHECK');
INSERT INTO dtb_csv (no, csv_id, col, disp_name, rank, rw_flg, status, create_date, update_date, mb_convert_kana_option, size_const_type, error_check_types) VALUES (50, 1, 'price01', 'Normal price', 50, 1, 1, CURRENT_TIMESTAMP, CURRENT_TIMESTAMP, 'n', 'PRICE_LEN', 'NUM_CHECK,MAX_LENGTH_CHECK');
INSERT INTO dtb_csv (no, csv_id, col, disp_name, rank, rw_flg, status, create_date, update_date, mb_convert_kana_option, size_const_type, error_check_types) VALUES (51, 1, 'price02', 'Sales price', 51, 1, 1, CURRENT_TIMESTAMP, CURRENT_TIMESTAMP, 'n', 'PRICE_LEN', 'NUM_CHECK,MAX_LENGTH_CHECK,EXIST_CHECK');
INSERT INTO dtb_csv (no, csv_id, col, disp_name, rank, rw_flg, status, create_date, update_date, mb_convert_kana_option, size_const_type, error_check_types) VALUES (52, 1, 'deliv_fee', 'Shipping fee', 52, 1, 1, CURRENT_TIMESTAMP, CURRENT_TIMESTAMP, 'n', 'PRICE_LEN', 'NUM_CHECK,MAX_LENGTH_CHECK');
INSERT INTO dtb_csv (no, csv_id, col, disp_name, rank, rw_flg, status, create_date, update_date, mb_convert_kana_option, size_const_type, error_check_types) VALUES (53, 1, 'point_rate', 'Point grant rate', 53, 1, 1, CURRENT_TIMESTAMP, CURRENT_TIMESTAMP, 'n', 'PERCENTAGE_LEN', 'NUM_CHECK,MAX_LENGTH_CHECK');
INSERT INTO dtb_csv (no, csv_id, col, disp_name, rank, rw_flg, status, create_date, update_date, mb_convert_kana_option, size_const_type, error_check_types) VALUES (54, 1, 'down_filename', 'Downloaded file name', 54, 1, 1, CURRENT_TIMESTAMP, CURRENT_TIMESTAMP, 'KVa', 'STEXT_LEN', 'SPTAB_CHECK,MAX_LENGTH_CHECK');
INSERT INTO dtb_csv (no, csv_id, col, disp_name, rank, rw_flg, status, create_date, update_date, mb_convert_kana_option, size_const_type, error_check_types) VALUES (55, 1, 'down_realfilename', 'Actual downloaded file', 55, 1, 1, CURRENT_TIMESTAMP, CURRENT_TIMESTAMP, NULL, 'LTEXT_LEN', 'SPTAB_CHECK,MAX_LENGTH_CHECK,DOWN_FILE_EXISTS');
INSERT INTO dtb_csv (no, csv_id, col, disp_name, rank, rw_flg, status, create_date, update_date, mb_convert_kana_option, size_const_type, error_check_types) VALUES (56, 1, '(SELECT recommend_product_id FROM dtb_recommend_products WHERE prdcls.product_id = dtb_recommend_products.product_id ORDER BY rank DESC, recommend_product_id DESC limit 1 offset 0) AS recommend_product_id1', 'Related product ID (1)', 56, 1, 1, CURRENT_TIMESTAMP, CURRENT_TIMESTAMP, 'n', 'INT_LEN', 'NUM_CHECK,MAX_LENGTH_CHECK');
INSERT INTO dtb_csv (no, csv_id, col, disp_name, rank, rw_flg, status, create_date, update_date, mb_convert_kana_option, size_const_type, error_check_types) VALUES (57, 1, '(SELECT comment FROM dtb_recommend_products WHERE prdcls.product_id = dtb_recommend_products.product_id ORDER BY rank DESC, recommend_product_id DESC limit 1 offset 0) AS recommend_comment1', 'Related product comment (1)', 57, 1, 1, CURRENT_TIMESTAMP, CURRENT_TIMESTAMP, 'KVa', 'LLTEXT_LEN', 'SPTAB_CHECK,MAX_LENGTH_CHECK');
INSERT INTO dtb_csv (no, csv_id, col, disp_name, rank, rw_flg, status, create_date, update_date, mb_convert_kana_option, size_const_type, error_check_types) VALUES (58, 1, '(SELECT recommend_product_id FROM dtb_recommend_products WHERE prdcls.product_id = dtb_recommend_products.product_id ORDER BY rank DESC, recommend_product_id DESC limit 1 offset 1) AS recommend_product_id2', 'Related product ID (2)', 58, 1, 1, CURRENT_TIMESTAMP, CURRENT_TIMESTAMP, 'n', 'INT_LEN', 'NUM_CHECK,MAX_LENGTH_CHECK');
INSERT INTO dtb_csv (no, csv_id, col, disp_name, rank, rw_flg, status, create_date, update_date, mb_convert_kana_option, size_const_type, error_check_types) VALUES (59, 1, '(SELECT comment FROM dtb_recommend_products WHERE prdcls.product_id = dtb_recommend_products.product_id ORDER BY rank DESC, recommend_product_id DESC limit 1 offset 1) AS recommend_comment2', 'Related product comment (2)', 59, 1, 1, CURRENT_TIMESTAMP, CURRENT_TIMESTAMP, 'KVa', 'LLTEXT_LEN', 'SPTAB_CHECK,MAX_LENGTH_CHECK');
INSERT INTO dtb_csv (no, csv_id, col, disp_name, rank, rw_flg, status, create_date, update_date, mb_convert_kana_option, size_const_type, error_check_types) VALUES (60, 1, '(SELECT recommend_product_id FROM dtb_recommend_products WHERE prdcls.product_id = dtb_recommend_products.product_id ORDER BY rank DESC, recommend_product_id DESC limit 1 offset 2) AS recommend_product_id3', 'Related product ID (3)', 60, 1, 1, CURRENT_TIMESTAMP, CURRENT_TIMESTAMP, 'n', 'INT_LEN', 'NUM_CHECK,MAX_LENGTH_CHECK');
INSERT INTO dtb_csv (no, csv_id, col, disp_name, rank, rw_flg, status, create_date, update_date, mb_convert_kana_option, size_const_type, error_check_types) VALUES (61, 1, '(SELECT comment FROM dtb_recommend_products WHERE prdcls.product_id = dtb_recommend_products.product_id ORDER BY rank DESC, recommend_product_id DESC limit 1 offset 2) AS recommend_comment3', 'Related product comment (3)', 61, 1, 1, CURRENT_TIMESTAMP, CURRENT_TIMESTAMP, 'KVa', 'LLTEXT_LEN', 'SPTAB_CHECK,MAX_LENGTH_CHECK');
INSERT INTO dtb_csv (no, csv_id, col, disp_name, rank, rw_flg, status, create_date, update_date, mb_convert_kana_option, size_const_type, error_check_types) VALUES (62, 1, '(SELECT recommend_product_id FROM dtb_recommend_products WHERE prdcls.product_id = dtb_recommend_products.product_id ORDER BY rank DESC, recommend_product_id DESC limit 1 offset 3) AS recommend_product_id4', 'Related product ID (4)', 62, 1, 1, CURRENT_TIMESTAMP, CURRENT_TIMESTAMP, 'n', 'INT_LEN', 'NUM_CHECK,MAX_LENGTH_CHECK');
INSERT INTO dtb_csv (no, csv_id, col, disp_name, rank, rw_flg, status, create_date, update_date, mb_convert_kana_option, size_const_type, error_check_types) VALUES (63, 1, '(SELECT comment FROM dtb_recommend_products WHERE prdcls.product_id = dtb_recommend_products.product_id ORDER BY rank DESC, recommend_product_id DESC limit 1 offset 3) AS recommend_comment4', 'Related product comment (4)', 63, 1, 1, CURRENT_TIMESTAMP, CURRENT_TIMESTAMP, 'KVa', 'LLTEXT_LEN', 'SPTAB_CHECK,MAX_LENGTH_CHECK');
INSERT INTO dtb_csv (no, csv_id, col, disp_name, rank, rw_flg, status, create_date, update_date, mb_convert_kana_option, size_const_type, error_check_types) VALUES (64, 1, '(SELECT recommend_product_id FROM dtb_recommend_products WHERE prdcls.product_id = dtb_recommend_products.product_id ORDER BY rank DESC, recommend_product_id DESC limit 1 offset 4) AS recommend_product_id5', 'Related product ID (5)', 64, 1, 1, CURRENT_TIMESTAMP, CURRENT_TIMESTAMP, 'n', 'INT_LEN', 'NUM_CHECK,MAX_LENGTH_CHECK');
INSERT INTO dtb_csv (no, csv_id, col, disp_name, rank, rw_flg, status, create_date, update_date, mb_convert_kana_option, size_const_type, error_check_types) VALUES (65, 1, '(SELECT comment FROM dtb_recommend_products WHERE prdcls.product_id = dtb_recommend_products.product_id ORDER BY rank DESC, recommend_product_id DESC limit 1 offset 4) AS recommend_comment5', 'Related product comment (5)', 65, 1, 1, CURRENT_TIMESTAMP, CURRENT_TIMESTAMP, 'KVa', 'LLTEXT_LEN', 'SPTAB_CHECK,MAX_LENGTH_CHECK');
INSERT INTO dtb_csv (no, csv_id, col, disp_name, rank, rw_flg, status, create_date, update_date, mb_convert_kana_option, size_const_type, error_check_types) VALUES (66, 1, '(SELECT recommend_product_id FROM dtb_recommend_products WHERE prdcls.product_id = dtb_recommend_products.product_id ORDER BY rank DESC, recommend_product_id DESC limit 1 offset 5) AS recommend_product_id6', 'Related product ID (6)', 66, 1, 1, CURRENT_TIMESTAMP, CURRENT_TIMESTAMP, 'n', 'INT_LEN', 'NUM_CHECK,MAX_LENGTH_CHECK');
INSERT INTO dtb_csv (no, csv_id, col, disp_name, rank, rw_flg, status, create_date, update_date, mb_convert_kana_option, size_const_type, error_check_types) VALUES (67, 1, '(SELECT comment FROM dtb_recommend_products WHERE prdcls.product_id = dtb_recommend_products.product_id ORDER BY rank DESC, recommend_product_id DESC limit 1 offset 5) AS recommend_comment6', 'Related product comment (6)', 67, 1, 1, CURRENT_TIMESTAMP, CURRENT_TIMESTAMP, 'KVa', 'LLTEXT_LEN', 'SPTAB_CHECK,MAX_LENGTH_CHECK');
INSERT INTO dtb_csv (no, csv_id, col, disp_name, rank, rw_flg, status, create_date, update_date, mb_convert_kana_option, size_const_type, error_check_types) VALUES (68, 1, '(SELECT ARRAY_TO_STRING(ARRAY(SELECT product_status_id FROM dtb_product_status WHERE dtb_product_status.product_id = prdcls.product_id and del_flg = 0 ORDER BY dtb_product_status.product_status_id), '','')) as product_statuses', 'Product status', 68, 1, 1, CURRENT_TIMESTAMP, CURRENT_TIMESTAMP, 'KVa', 'STEXT_LEN', 'SPTAB_CHECK,MAX_LENGTH_CHECK');
INSERT INTO dtb_csv (no, csv_id, col, disp_name, rank, rw_flg, status, create_date, update_date, mb_convert_kana_option, size_const_type, error_check_types) VALUES (69, 1, '(SELECT ARRAY_TO_STRING(ARRAY(SELECT name FROM dtb_product_status LEFT JOIN mtb_status ON  dtb_product_status.product_status_id = mtb_status.id  WHERE dtb_product_status.product_id = prdcls.product_id and del_flg = 0 ORDER BY dtb_product_status.product_status_id), '','')) as product_status_names', 'Product status name', 69, 2, 1, CURRENT_TIMESTAMP, CURRENT_TIMESTAMP, 'KVa', 'LTEXT_LEN', 'SPTAB_CHECK,MAX_LENGTH_CHECK');
INSERT INTO dtb_csv (no, csv_id, col, disp_name, rank, rw_flg, status, create_date, update_date, mb_convert_kana_option, size_const_type, error_check_types) VALUES (70, 1, '(SELECT ARRAY_TO_STRING(ARRAY(SELECT category_id FROM dtb_product_categories WHERE dtb_product_categories.product_id = prdcls.product_id ORDER BY dtb_product_categories.rank), '','')) as category_ids', 'Category ID', 70, 1, 1, CURRENT_TIMESTAMP, CURRENT_TIMESTAMP, 'KVa', 'LTEXT_LEN', 'SPTAB_CHECK,MAX_LENGTH_CHECK,EXIST_CHECK');
INSERT INTO dtb_csv (no, csv_id, col, disp_name, rank, rw_flg, status, create_date, update_date, mb_convert_kana_option, size_const_type, error_check_types) VALUES (71, 1, '(SELECT ARRAY_TO_STRING(ARRAY(SELECT category_name FROM dtb_product_categories LEFT JOIN dtb_category ON dtb_product_categories.category_id = dtb_category.category_id WHERE dtb_product_categories.product_id = prdcls.product_id ORDER BY dtb_product_categories.rank), '','')) as category_names', 'Category name', 71, 2, 1, CURRENT_TIMESTAMP, CURRENT_TIMESTAMP, 'KVa', 'LTEXT_LEN', 'SPTAB_CHECK,MAX_LENGTH_CHECK');
INSERT INTO dtb_csv (no, csv_id, col, disp_name, rank, status, create_date, update_date) VALUES (72, 2, 'customer_id', 'Member ID', 1, 1, CURRENT_TIMESTAMP, CURRENT_TIMESTAMP);
INSERT INTO dtb_csv (no, csv_id, col, disp_name, rank, status, create_date, update_date) VALUES (73, 2, 'name01', 'Name (last name)', 2, 1, CURRENT_TIMESTAMP, CURRENT_TIMESTAMP);
INSERT INTO dtb_csv (no, csv_id, col, disp_name, rank, status, create_date, update_date) VALUES (74, 2, 'name02', 'Name (first name)', 3, 1, CURRENT_TIMESTAMP, CURRENT_TIMESTAMP);
INSERT INTO dtb_csv (no, csv_id, col, disp_name, rank, status, create_date, update_date) VALUES (75, 2, 'kana01', 'Name (furigana/last name)', 4, 1, CURRENT_TIMESTAMP, CURRENT_TIMESTAMP);
INSERT INTO dtb_csv (no, csv_id, col, disp_name, rank, status, create_date, update_date) VALUES (76, 2, 'kana02', 'Name (furigana/first name)', 5, 1, CURRENT_TIMESTAMP, CURRENT_TIMESTAMP);
INSERT INTO dtb_csv (no, csv_id, col, disp_name, rank, status, create_date, update_date) VALUES (77, 2, 'zip01', 'Postal code 1', 6, 1, CURRENT_TIMESTAMP, CURRENT_TIMESTAMP);
INSERT INTO dtb_csv (no, csv_id, col, disp_name, rank, status, create_date, update_date) VALUES (78, 2, 'zip02', 'Postal code 2', 7, 1, CURRENT_TIMESTAMP, CURRENT_TIMESTAMP);
INSERT INTO dtb_csv (no, csv_id, col, disp_name, rank, status, create_date, update_date) VALUES (79, 2, 'zipcode', 'zipcode', 8, 1, CURRENT_TIMESTAMP, CURRENT_TIMESTAMP); 
INSERT INTO dtb_csv (no, csv_id, col, disp_name, rank, status, create_date, update_date) VALUES (80, 2, 'addr01', 'Address 1', 9, 1, CURRENT_TIMESTAMP, CURRENT_TIMESTAMP);
INSERT INTO dtb_csv (no, csv_id, col, disp_name, rank, status, create_date, update_date) VALUES (81, 2, 'addr02', 'Address 2', 10, 1, CURRENT_TIMESTAMP, CURRENT_TIMESTAMP);
INSERT INTO dtb_csv (no, csv_id, col, disp_name, rank, status, create_date, update_date) VALUES (82, 2, 'email', 'E-MAIL', 11, 1, CURRENT_TIMESTAMP, CURRENT_TIMESTAMP);
INSERT INTO dtb_csv (no, csv_id, col, disp_name, rank, status, create_date, update_date) VALUES (83, 2, 'tel01', 'TEL1', 12, 1, CURRENT_TIMESTAMP, CURRENT_TIMESTAMP);
INSERT INTO dtb_csv (no, csv_id, col, disp_name, rank, status, create_date, update_date) VALUES (84, 2, 'tel02', 'TEL2', 13, 1, CURRENT_TIMESTAMP, CURRENT_TIMESTAMP);
INSERT INTO dtb_csv (no, csv_id, col, disp_name, rank, status, create_date, update_date) VALUES (85, 2, 'tel03', 'TEL3', 14, 1, CURRENT_TIMESTAMP, CURRENT_TIMESTAMP);
INSERT INTO dtb_csv (no, csv_id, col, disp_name, rank, status, create_date, update_date) VALUES (86, 2, 'fax01', 'FAX1', 15, 1, CURRENT_TIMESTAMP, CURRENT_TIMESTAMP);
INSERT INTO dtb_csv (no, csv_id, col, disp_name, rank, status, create_date, update_date) VALUES (87, 2, 'fax02', 'FAX2', 16, 1, CURRENT_TIMESTAMP, CURRENT_TIMESTAMP);
INSERT INTO dtb_csv (no, csv_id, col, disp_name, rank, status, create_date, update_date) VALUES (88, 2, 'fax03', 'FAX3', 17, 1, CURRENT_TIMESTAMP, CURRENT_TIMESTAMP);
INSERT INTO dtb_csv (no, csv_id, col, disp_name, rank, status, create_date, update_date) VALUES (89, 2, '(SELECT name FROM mtb_sex WHERE mtb_sex.id = dtb_customer.sex) as sex', 'Gender', 18, 1, CURRENT_TIMESTAMP, CURRENT_TIMESTAMP);
INSERT INTO dtb_csv (no, csv_id, col, disp_name, rank, status, create_date, update_date) VALUES (90, 2, '(SELECT name FROM mtb_job WHERE mtb_job.id = dtb_customer.job) as job', 'Occupation', 19, 1, CURRENT_TIMESTAMP, CURRENT_TIMESTAMP);
INSERT INTO dtb_csv (no, csv_id, col, disp_name, rank, status, create_date, update_date) VALUES (91, 2, 'birth', 'Birthday', 20, 1, CURRENT_TIMESTAMP, CURRENT_TIMESTAMP);
INSERT INTO dtb_csv (no, csv_id, col, disp_name, rank, status, create_date, update_date) VALUES (92, 2, 'first_buy_date', 'Date of first purchase', 21, 1, CURRENT_TIMESTAMP, CURRENT_TIMESTAMP);
INSERT INTO dtb_csv (no, csv_id, col, disp_name, rank, status, create_date, update_date) VALUES (93, 2, 'last_buy_date', 'Final purchase date', 22, 1, CURRENT_TIMESTAMP, CURRENT_TIMESTAMP);
INSERT INTO dtb_csv (no, csv_id, col, disp_name, rank, status, create_date, update_date) VALUES (94, 2, 'buy_times', 'Purchase frequency', 23, 1, CURRENT_TIMESTAMP, CURRENT_TIMESTAMP);
INSERT INTO dtb_csv (no, csv_id, col, disp_name, rank, status, create_date, update_date) VALUES (95, 2, 'point', 'Point balance', 24, 1, CURRENT_TIMESTAMP, CURRENT_TIMESTAMP);
INSERT INTO dtb_csv (no, csv_id, col, disp_name, rank, status, create_date, update_date) VALUES (96, 2, 'note', 'Remarks', 25, 1, CURRENT_TIMESTAMP, CURRENT_TIMESTAMP);
INSERT INTO dtb_csv (no, csv_id, col, disp_name, rank, status, create_date, update_date) VALUES (97, 2, 'create_date', 'Registration date', 26, 1, CURRENT_TIMESTAMP, CURRENT_TIMESTAMP);
INSERT INTO dtb_csv (no, csv_id, col, disp_name, rank, status, create_date, update_date) VALUES (98, 2, 'update_date', 'Date of update', 27, 1, CURRENT_TIMESTAMP, CURRENT_TIMESTAMP);
INSERT INTO dtb_csv (no, csv_id, col, disp_name, rank, rw_flg, status, create_date, update_date, mb_convert_kana_option, size_const_type, error_check_types) VALUES (99, 3, 'order_id', 'Order number', 1, 3, 1, CURRENT_TIMESTAMP, CURRENT_TIMESTAMP, 'n', 'INT_LEN', 'NUM_CHECK,MAX_LENGTH_CHECK');
INSERT INTO dtb_csv (no, csv_id, col, disp_name, rank, rw_flg, status, create_date, update_date, mb_convert_kana_option, size_const_type, error_check_types) VALUES (100, 3, 'customer_id', 'Member ID', 2, 1, 1, CURRENT_TIMESTAMP, CURRENT_TIMESTAMP, 'n', 'INT_LEN', 'NUM_CHECK,MAX_LENGTH_CHECK');
INSERT INTO dtb_csv (no, csv_id, col, disp_name, rank, rw_flg, status, create_date, update_date, mb_convert_kana_option, size_const_type, error_check_types) VALUES (101, 3, 'message', 'Requests, etc.', 3, 1, 1, CURRENT_TIMESTAMP, CURRENT_TIMESTAMP, 'KVa', 'STEXT_LEN', 'SPTAB_CHECK,MAX_LENGTH_CHECK');
INSERT INTO dtb_csv (no, csv_id, col, disp_name, rank, rw_flg, status, create_date, update_date, mb_convert_kana_option, size_const_type, error_check_types) VALUES (102, 3, 'order_name01', 'Name (last name)', 4, 1, 1, CURRENT_TIMESTAMP, CURRENT_TIMESTAMP, 'KVa', 'STEXT_LEN', 'SPTAB_CHECK,MAX_LENGTH_CHECK,EXIST_CHECK');
INSERT INTO dtb_csv (no, csv_id, col, disp_name, rank, rw_flg, status, create_date, update_date, mb_convert_kana_option, size_const_type, error_check_types) VALUES (103, 3, 'order_name02', 'Name (first name)', 5, 1, 1, CURRENT_TIMESTAMP, CURRENT_TIMESTAMP, 'KVa', 'STEXT_LEN', 'SPTAB_CHECK,MAX_LENGTH_CHECK,EXIST_CHECK');
INSERT INTO dtb_csv (no, csv_id, col, disp_name, rank, rw_flg, status, create_date, update_date, mb_convert_kana_option, size_const_type, error_check_types) VALUES (104, 3, 'order_kana01', 'Name (furigana/last name)', 6, 1, 1, CURRENT_TIMESTAMP, CURRENT_TIMESTAMP, 'KVCa', 'STEXT_LEN', 'SPTAB_CHECK,MAX_LENGTH_CHECK');
INSERT INTO dtb_csv (no, csv_id, col, disp_name, rank, rw_flg, status, create_date, update_date, mb_convert_kana_option, size_const_type, error_check_types) VALUES (105, 3, 'order_kana02', 'Name (furigana/first name)', 7, 1, 1, CURRENT_TIMESTAMP, CURRENT_TIMESTAMP, 'KVCa', 'STEXT_LEN', 'SPTAB_CHECK,MAX_LENGTH_CHECK');
INSERT INTO dtb_csv (no, csv_id, col, disp_name, rank, rw_flg, status, create_date, update_date, mb_convert_kana_option, size_const_type, error_check_types) VALUES (106, 3, 'order_email', 'E-mail address', 8, 1, 1, CURRENT_TIMESTAMP, CURRENT_TIMESTAMP, 'a', 'null', 'NO_SPTAB,EMAIL_CHECK,EMAIL_CHAR_CHECK');
INSERT INTO dtb_csv (no, csv_id, col, disp_name, rank, rw_flg, status, create_date, update_date, mb_convert_kana_option, size_const_type, error_check_types) VALUES (107, 3, 'order_tel01', 'Telephone number 1', 9, 1, 1, CURRENT_TIMESTAMP, CURRENT_TIMESTAMP, 'n', 'TEL_ITEM_LEN', 'MAX_LENGTH_CHECK,NUM_CHECK');
INSERT INTO dtb_csv (no, csv_id, col, disp_name, rank, rw_flg, status, create_date, update_date, mb_convert_kana_option, size_const_type, error_check_types) VALUES (108, 3, 'order_tel02', 'Telephone number 2', 10, 1, 1, CURRENT_TIMESTAMP, CURRENT_TIMESTAMP, 'n', 'TEL_ITEM_LEN', 'MAX_LENGTH_CHECK,NUM_CHECK');
INSERT INTO dtb_csv (no, csv_id, col, disp_name, rank, rw_flg, status, create_date, update_date, mb_convert_kana_option, size_const_type, error_check_types) VALUES (109, 3, 'order_tel03', 'Telephone number 3', 11, 1, 1, CURRENT_TIMESTAMP, CURRENT_TIMESTAMP, 'n', 'TEL_ITEM_LEN', 'MAX_LENGTH_CHECK,NUM_CHECK');
INSERT INTO dtb_csv (no, csv_id, col, disp_name, rank, rw_flg, status, create_date, update_date, mb_convert_kana_option, size_const_type, error_check_types) VALUES (110, 3, 'order_fax01', 'FAX1', 12, 1, 1, CURRENT_TIMESTAMP, CURRENT_TIMESTAMP, 'n', 'TEL_ITEM_LEN', 'MAX_LENGTH_CHECK,NUM_CHECK');
INSERT INTO dtb_csv (no, csv_id, col, disp_name, rank, rw_flg, status, create_date, update_date, mb_convert_kana_option, size_const_type, error_check_types) VALUES (111, 3, 'order_fax02', 'FAX2', 13, 1, 1, CURRENT_TIMESTAMP, CURRENT_TIMESTAMP, 'n', 'TEL_ITEM_LEN', 'MAX_LENGTH_CHECK,NUM_CHECK');
INSERT INTO dtb_csv (no, csv_id, col, disp_name, rank, rw_flg, status, create_date, update_date, mb_convert_kana_option, size_const_type, error_check_types) VALUES (112, 3, 'order_fax03', 'FAX3', 14, 1, 1, CURRENT_TIMESTAMP, CURRENT_TIMESTAMP, 'n', 'TEL_ITEM_LEN', 'MAX_LENGTH_CHECK,NUM_CHECK');
INSERT INTO dtb_csv (no, csv_id, col, disp_name, rank, rw_flg, status, create_date, update_date, mb_convert_kana_option, size_const_type, error_check_types) VALUES (113, 3, 'order_zip01', 'Postal code 1', 15, 1, 1, CURRENT_TIMESTAMP, CURRENT_TIMESTAMP, 'n', 'ZIP01_LEN', 'MAX_LENGTH_CHECK,NUM_CHECK,NUM_COUNT_CHECK');
INSERT INTO dtb_csv (no, csv_id, col, disp_name, rank, rw_flg, status, create_date, update_date, mb_convert_kana_option, size_const_type, error_check_types) VALUES (114, 3, 'order_zip02', 'Postal code 2', 16, 1, 1, CURRENT_TIMESTAMP, CURRENT_TIMESTAMP, 'n', 'ZIP02_LEN', 'MAX_LENGTH_CHECK,NUM_CHECK,NUM_COUNT_CHECK');
INSERT INTO dtb_csv (no, csv_id, col, disp_name, rank, rw_flg, status, create_date, update_date, mb_convert_kana_option, size_const_type, error_check_types) VALUES (115, 3, 'order_zipcode', 'zipcode', 17, 1, 1, CURRENT_TIMESTAMP, CURRENT_TIMESTAMP, 'n', 'ZIPCODE_LEN', 'MAX_LENGTH_CHECK,NUM_CHECK,NUM_COUNT_CHECK'); 
INSERT INTO dtb_csv (no, csv_id, col, disp_name, rank, rw_flg, status, create_date, update_date, mb_convert_kana_option, size_const_type, error_check_types) VALUES (116, 3, 'order_addr01', 'Address 1', 18, 1, 1, CURRENT_TIMESTAMP, CURRENT_TIMESTAMP, 'KVa', 'MTEXT_LEN', 'SPTAB_CHECK,MAX_LENGTH_CHECK,NUM_CHECK');
INSERT INTO dtb_csv (no, csv_id, col, disp_name, rank, rw_flg, status, create_date, update_date, mb_convert_kana_option, size_const_type, error_check_types) VALUES (117, 3, 'order_addr02', 'Address 2', 19, 1, 1, CURRENT_TIMESTAMP, CURRENT_TIMESTAMP, 'KVa', 'MTEXT_LEN', 'SPTAB_CHECK,MAX_LENGTH_CHECK,NUM_CHECK');
INSERT INTO dtb_csv (no, csv_id, col, disp_name, rank, rw_flg, status, create_date, update_date, mb_convert_kana_option, size_const_type, error_check_types) VALUES (118, 3, 'order_sex', 'Gender', 20, 1, 1, CURRENT_TIMESTAMP, CURRENT_TIMESTAMP, 'n', 'INT_LEN', 'MAX_LENGTH_CHECK,NUM_CHECK');
INSERT INTO dtb_csv (no, csv_id, col, disp_name, rank, rw_flg, status, create_date, update_date, mb_convert_kana_option, size_const_type, error_check_types) VALUES (119, 3, 'order_birth', 'Date of birth', 21, 1, 1, CURRENT_TIMESTAMP, CURRENT_TIMESTAMP, 'n', 'INT_LEN', 'MAX_LENGTH_CHECK,NUM_CHECK');
INSERT INTO dtb_csv (no, csv_id, col, disp_name, rank, rw_flg, status, create_date, update_date, mb_convert_kana_option, size_const_type, error_check_types) VALUES (120, 3, 'order_job', 'Business type', 22, 1, 1, CURRENT_TIMESTAMP, CURRENT_TIMESTAMP, 'n', 'INT_LEN', 'MAX_LENGTH_CHECK,NUM_CHECK');
INSERT INTO dtb_csv (no, csv_id, col, disp_name, rank, rw_flg, status, create_date, update_date, mb_convert_kana_option, size_const_type, error_check_types) VALUES (121, 3, 'subtotal', 'Subtotal', 38, 1, 1, CURRENT_TIMESTAMP, CURRENT_TIMESTAMP, 'n', 'PRICE_LEN', 'MAX_LENGTH_CHECK,NUM_CHECK');
INSERT INTO dtb_csv (no, csv_id, col, disp_name, rank, rw_flg, status, create_date, update_date, mb_convert_kana_option, size_const_type, error_check_types) VALUES (122, 3, 'discount', 'Discount', 39, 1, 1, CURRENT_TIMESTAMP, CURRENT_TIMESTAMP, 'n', 'PRICE_LEN', 'MAX_LENGTH_CHECK,NUM_CHECK');
INSERT INTO dtb_csv (no, csv_id, col, disp_name, rank, rw_flg, status, create_date, update_date, mb_convert_kana_option, size_const_type, error_check_types) VALUES (123, 3, 'deliv_fee', 'Shipping fee', 40, 1, 1, CURRENT_TIMESTAMP, CURRENT_TIMESTAMP, 'n', 'PRICE_LEN', 'MAX_LENGTH_CHECK,NUM_CHECK');
INSERT INTO dtb_csv (no, csv_id, col, disp_name, rank, rw_flg, status, create_date, update_date, mb_convert_kana_option, size_const_type, error_check_types) VALUES (124, 3, 'charge', 'Processing fee', 41, 1, 1, CURRENT_TIMESTAMP, CURRENT_TIMESTAMP, 'n', 'PRICE_LEN', 'MAX_LENGTH_CHECK,NUM_CHECK');
INSERT INTO dtb_csv (no, csv_id, col, disp_name, rank, rw_flg, status, create_date, update_date, mb_convert_kana_option, size_const_type, error_check_types) VALUES (125, 3, 'use_point', 'Points used', 42, 1, 1, CURRENT_TIMESTAMP, CURRENT_TIMESTAMP, 'n', 'PRICE_LEN', 'MAX_LENGTH_CHECK,NUM_CHECK');
INSERT INTO dtb_csv (no, csv_id, col, disp_name, rank, rw_flg, status, create_date, update_date, mb_convert_kana_option, size_const_type, error_check_types) VALUES (126, 3, 'add_point', 'Points added', 43, 1, 1, CURRENT_TIMESTAMP, CURRENT_TIMESTAMP, 'n', 'PRICE_LEN', 'MAX_LENGTH_CHECK,NUM_CHECK');
INSERT INTO dtb_csv (no, csv_id, col, disp_name, rank, rw_flg, status, create_date, update_date, mb_convert_kana_option, size_const_type, error_check_types) VALUES (127, 3, 'tax', 'Tax', 44, 1, 1, CURRENT_TIMESTAMP, CURRENT_TIMESTAMP, 'n', 'PRICE_LEN', 'MAX_LENGTH_CHECK,NUM_CHECK');
INSERT INTO dtb_csv (no, csv_id, col, disp_name, rank, rw_flg, status, create_date, update_date, mb_convert_kana_option, size_const_type, error_check_types) VALUES (128, 3, 'total', 'Total', 45, 1, 1, CURRENT_TIMESTAMP, CURRENT_TIMESTAMP, 'n', 'PRICE_LEN', 'MAX_LENGTH_CHECK,NUM_CHECK');
INSERT INTO dtb_csv (no, csv_id, col, disp_name, rank, rw_flg, status, create_date, update_date, mb_convert_kana_option, size_const_type, error_check_types) VALUES (129, 3, 'payment_total', 'Payment total', 46, 1, 1, CURRENT_TIMESTAMP, CURRENT_TIMESTAMP, 'n', 'PRICE_LEN', 'MAX_LENGTH_CHECK,NUM_CHECK');
INSERT INTO dtb_csv (no, csv_id, col, disp_name, rank, rw_flg, status, create_date, update_date, mb_convert_kana_option, size_const_type, error_check_types) VALUES (130, 3, 'deliv_id', 'Delivery company ID', 47, 2, 1, CURRENT_TIMESTAMP, CURRENT_TIMESTAMP, 'n', 'INT_LEN', 'NUM_CHECK,MAX_LENGTH_CHECK');
INSERT INTO dtb_csv (no, csv_id, col, disp_name, rank, rw_flg, status, create_date, update_date, mb_convert_kana_option, size_const_type, error_check_types) VALUES (131, 3, 'payment_method', 'Payment method', 48, 2, 1, CURRENT_TIMESTAMP, CURRENT_TIMESTAMP, 'KVa', 'STEXT_LEN', 'SPTAB_CHECK,MAX_LENGTH_CHECK');
INSERT INTO dtb_csv (no, csv_id, col, disp_name, rank, rw_flg, status, create_date, update_date, mb_convert_kana_option, size_const_type, error_check_types) VALUES (132, 3, 'note', 'SHOP memo', 50, 2, 1, CURRENT_TIMESTAMP, CURRENT_TIMESTAMP, 'KVa', 'LLTEXT_LEN', 'SPTAB_CHECK,MAX_LENGTH_CHECK');
INSERT INTO dtb_csv (no, csv_id, col, disp_name, rank, rw_flg, status, create_date, update_date, mb_convert_kana_option, size_const_type, error_check_types) VALUES (133, 3, 'status', 'Response status', 51, 1, 1, CURRENT_TIMESTAMP, CURRENT_TIMESTAMP, 'KVa', 'INT_LEN', 'NUM_CHECK,MAX_LENGTH_CHECK');
INSERT INTO dtb_csv (no, csv_id, col, disp_name, rank, rw_flg, status, create_date, update_date, mb_convert_kana_option, size_const_type, error_check_types) VALUES (134, 3, 'create_date', 'Date and time of order', 52, 1, 1, CURRENT_TIMESTAMP, CURRENT_TIMESTAMP, 'a', '', 'CHECK_DATE');
INSERT INTO dtb_csv (no, csv_id, col, disp_name, rank, rw_flg, status, create_date, update_date, mb_convert_kana_option, size_const_type, error_check_types) VALUES (135, 3, 'update_date', 'Date and time of update', 53, 1, 1, CURRENT_TIMESTAMP, CURRENT_TIMESTAMP, 'a', '', 'CHECK_DATE');
INSERT INTO dtb_csv (no, csv_id, col, disp_name, rank, rw_flg, status, create_date, update_date, mb_convert_kana_option, size_const_type, error_check_types) VALUES (136, 3, 'commit_date', 'Date and time of shipment completion', 54, 1, 1, CURRENT_TIMESTAMP, CURRENT_TIMESTAMP, 'a', '', 'CHECK_DATE');
INSERT INTO dtb_csv (no, csv_id, col, disp_name, rank, rw_flg, status, create_date, update_date, mb_convert_kana_option, size_const_type, error_check_types) VALUES (137, 3, 'device_type_id', 'Terminal type ID', 55, 1, 1, CURRENT_TIMESTAMP, CURRENT_TIMESTAMP, 'n', 'INT_LEN', 'NUM_CHECK,MAX_LENGTH_CHECK');
INSERT INTO dtb_csv (no, csv_id, col, disp_name, rank, rw_flg, status, create_date, update_date, mb_convert_kana_option, size_const_type, error_check_types) VALUES (138, 3, '(SELECT COUNT(shipping_id) as shipping_target_num FROM dtb_shipping WHERE dtb_shipping.order_id = dtb_order.order_id) as shipping_num', 'Number of delivery destinations', 56, 1, 1, CURRENT_TIMESTAMP, CURRENT_TIMESTAMP, 'n', 'INT_LEN', 'SPTAB_CHECK,MAX_LENGTH_CHECK');
INSERT INTO dtb_csv (no, csv_id, col, disp_name, rank, rw_flg, status, create_date, update_date, mb_convert_kana_option, size_const_type, error_check_types) VALUES (139, 3, '(SELECT ARRAY_TO_STRING(ARRAY(SELECT shipping_id FROM dtb_shipping WHERE dtb_shipping.order_id = dtb_order.order_id), '','')) as shipping_ids', 'Delivery information ID', 57, 1, 1, CURRENT_TIMESTAMP, CURRENT_TIMESTAMP, 'KVa', 'STEXT_LEN', 'SPTAB_CHECK,MAX_LENGTH_CHECK');
INSERT INTO dtb_csv (no, csv_id, col, disp_name, rank, rw_flg, status, create_date, update_date, mb_convert_kana_option, size_const_type, error_check_types) VALUES (140, 4, 'B.name', 'Product name', 1, 2, 1, CURRENT_TIMESTAMP, CURRENT_TIMESTAMP, 'KVa', 'STEXT_LEN', 'MAX_LENGTH_CHECK');
INSERT INTO dtb_csv (no, csv_id, col, disp_name, rank, rw_flg, status, create_date, update_date, mb_convert_kana_option, size_const_type, error_check_types) VALUES (141, 4, '(SELECT name FROM mtb_disp WHERE mtb_disp.id = A.status) as status', 'Review display', 2, 1, 1, CURRENT_TIMESTAMP, CURRENT_TIMESTAMP, 'KVa', 'STEXT_LEN', 'MAX_LENGTH_CHECK');
INSERT INTO dtb_csv (no, csv_id, col, disp_name, rank, rw_flg, status, create_date, update_date, mb_convert_kana_option, size_const_type, error_check_types) VALUES (142, 4, 'A.create_date', 'Post date', 3, 1, 1, CURRENT_TIMESTAMP, CURRENT_TIMESTAMP, 'a', '', 'CHECK_DATE,EXIST_CHECK');
INSERT INTO dtb_csv (no, csv_id, col, disp_name, rank, rw_flg, status, create_date, update_date, mb_convert_kana_option, size_const_type, error_check_types) VALUES (143, 4, 'A.reviewer_name', 'Poster name', 4, 1, 1, CURRENT_TIMESTAMP, CURRENT_TIMESTAMP, 'KVa', 'STEXT_LEN', 'MAX_LENGTH_CHECK');
INSERT INTO dtb_csv (no, csv_id, col, disp_name, rank, rw_flg, status, create_date, update_date, mb_convert_kana_option, size_const_type, error_check_types) VALUES (144, 4, '(SELECT name FROM mtb_sex WHERE mtb_sex.id = A.sex) as sex', 'Gender', 5, 1, 1, CURRENT_TIMESTAMP, CURRENT_TIMESTAMP, 'KVa', 'STEXT_LEN', 'MAX_LENGTH_CHECK');
INSERT INTO dtb_csv (no, csv_id, col, disp_name, rank, rw_flg, status, create_date, update_date, mb_convert_kana_option, size_const_type, error_check_types) VALUES (145, 4, '(SELECT name FROM mtb_recommend WHERE mtb_recommend.id = A.recommend_level) as recommend_level', 'Recommendation level', 6, 1, 1, CURRENT_TIMESTAMP, CURRENT_TIMESTAMP, 'n', 'INT_LEN', 'NUM_CHECK,MAX_LENGTH_CHECK');
INSERT INTO dtb_csv (no, csv_id, col, disp_name, rank, rw_flg, status, create_date, update_date, mb_convert_kana_option, size_const_type, error_check_types) VALUES (146, 4, 'A.title', 'Title', 7, 1, 1, CURRENT_TIMESTAMP, CURRENT_TIMESTAMP, 'KVa', 'STEXT_LEN', 'MAX_LENGTH_CHECK');
INSERT INTO dtb_csv (no, csv_id, col, disp_name, rank, rw_flg, status, create_date, update_date, mb_convert_kana_option, size_const_type, error_check_types) VALUES (147, 4, 'A.comment', 'Comment', 8, 1, 1, CURRENT_TIMESTAMP, CURRENT_TIMESTAMP, 'KVa', 'LTEXT_LEN', 'MAX_LENGTH_CHECK');
INSERT INTO dtb_csv (no, csv_id, col, disp_name, rank, rw_flg, status, create_date, update_date, mb_convert_kana_option, size_const_type, error_check_types) VALUES (148, 5, 'category_id', 'Category ID', 1, 3, 1, CURRENT_TIMESTAMP, CURRENT_TIMESTAMP, 'n', 'INT_LEN', 'NUM_CHECK,MAX_LENGTH_CHECK');
INSERT INTO dtb_csv (no, csv_id, col, disp_name, rank, rw_flg, status, create_date, update_date, mb_convert_kana_option, size_const_type, error_check_types) VALUES (149, 5, 'category_name', 'Category name', 2, 1, 1, CURRENT_TIMESTAMP, CURRENT_TIMESTAMP, 'KVa', 'STEXT_LEN', 'SPTAB_CHECK,MAX_LENGTH_CHECK,EXIST_CHECK');
INSERT INTO dtb_csv (no, csv_id, col, disp_name, rank, rw_flg, status, create_date, update_date, mb_convert_kana_option, size_const_type, error_check_types) VALUES (150, 5, 'parent_category_id', 'New category ID', 3, 1, 1, CURRENT_TIMESTAMP, CURRENT_TIMESTAMP, 'n', 'INT_LEN', 'NUM_CHECK,MAX_LENGTH_CHECK');
INSERT INTO dtb_csv (no, csv_id, col, disp_name, rank, rw_flg, status, create_date, update_date, mb_convert_kana_option, size_const_type, error_check_types) VALUES (151, 5, 'level', 'Hierarchy', NULL, 2, 2, CURRENT_TIMESTAMP, CURRENT_TIMESTAMP, 'n', 'INT_LEN', 'NUM_CHECK,MAX_LENGTH_CHECK');
INSERT INTO dtb_csv (no, csv_id, col, disp_name, rank, rw_flg, status, create_date, update_date, mb_convert_kana_option, size_const_type, error_check_types) VALUES (152, 5, 'rank', 'Display rank', NULL, 2, 2, CURRENT_TIMESTAMP, CURRENT_TIMESTAMP, 'n', 'INT_LEN', 'NUM_CHECK,MAX_LENGTH_CHECK');
INSERT INTO dtb_csv (no, csv_id, col, disp_name, rank, rw_flg, status, create_date, update_date, mb_convert_kana_option, size_const_type, error_check_types) VALUES (153, 5, 'del_flg', 'Deletion flag', NULL, 1, 2, CURRENT_TIMESTAMP, CURRENT_TIMESTAMP, 'n', 'INT_LEN', 'NUM_CHECK,MAX_LENGTH_CHECK');

INSERT INTO dtb_deliv (deliv_id, product_type_id, name, service_name, confirm_url, rank, status, del_flg, creator_id, create_date, update_date) VALUES (1, 1, 'Sample operator', 'Sample operator', NULL, 2, 1, 0, 2, CURRENT_TIMESTAMP, CURRENT_TIMESTAMP);
INSERT INTO dtb_deliv (deliv_id, product_type_id, name, service_name, confirm_url, rank, status, del_flg, creator_id, create_date, update_date) VALUES (2, 2, 'No delivery (for downloaded products)', 'None', NULL, 1, 1, 0, 2, CURRENT_TIMESTAMP, CURRENT_TIMESTAMP);

INSERT INTO dtb_payment_options (deliv_id, payment_id, rank) VALUES (1, 1, 1);
INSERT INTO dtb_payment_options (deliv_id, payment_id, rank) VALUES (1, 2, 2);
INSERT INTO dtb_payment_options (deliv_id, payment_id, rank) VALUES (1, 3, 3);
INSERT INTO dtb_payment_options (deliv_id, payment_id, rank) VALUES (1, 4, 4);
INSERT INTO dtb_payment_options (deliv_id, payment_id, rank) VALUES (2, 3, 1);

INSERT INTO dtb_delivfee (deliv_id, fee_id, fee, pref) VALUES (1, 1, 1000, 1);
INSERT INTO dtb_delivfee (deliv_id, fee_id, fee, pref) VALUES (1, 2, 1000, 2);
INSERT INTO dtb_delivfee (deliv_id, fee_id, fee, pref) VALUES (1, 3, 1000, 3);
INSERT INTO dtb_delivfee (deliv_id, fee_id, fee, pref) VALUES (1, 4, 1000, 4);
INSERT INTO dtb_delivfee (deliv_id, fee_id, fee, pref) VALUES (1, 5, 1000, 5);
INSERT INTO dtb_delivfee (deliv_id, fee_id, fee, pref) VALUES (1, 6, 1000, 6);
INSERT INTO dtb_delivfee (deliv_id, fee_id, fee, pref) VALUES (1, 7, 1000, 7);
INSERT INTO dtb_delivfee (deliv_id, fee_id, fee, pref) VALUES (1, 8, 1000, 8);
INSERT INTO dtb_delivfee (deliv_id, fee_id, fee, pref) VALUES (1, 9, 1000, 9);
INSERT INTO dtb_delivfee (deliv_id, fee_id, fee, pref) VALUES (1, 10, 1000, 10);
INSERT INTO dtb_delivfee (deliv_id, fee_id, fee, pref) VALUES (1, 11, 1000, 11);
INSERT INTO dtb_delivfee (deliv_id, fee_id, fee, pref) VALUES (1, 12, 1000, 12);
INSERT INTO dtb_delivfee (deliv_id, fee_id, fee, pref) VALUES (1, 13, 1000, 13);
INSERT INTO dtb_delivfee (deliv_id, fee_id, fee, pref) VALUES (1, 14, 1000, 14);
INSERT INTO dtb_delivfee (deliv_id, fee_id, fee, pref) VALUES (1, 15, 1000, 15);
INSERT INTO dtb_delivfee (deliv_id, fee_id, fee, pref) VALUES (1, 16, 1000, 16);
INSERT INTO dtb_delivfee (deliv_id, fee_id, fee, pref) VALUES (1, 17, 1000, 17);
INSERT INTO dtb_delivfee (deliv_id, fee_id, fee, pref) VALUES (1, 18, 1000, 18);
INSERT INTO dtb_delivfee (deliv_id, fee_id, fee, pref) VALUES (1, 19, 1000, 19);
INSERT INTO dtb_delivfee (deliv_id, fee_id, fee, pref) VALUES (1, 20, 1000, 20);
INSERT INTO dtb_delivfee (deliv_id, fee_id, fee, pref) VALUES (1, 21, 1000, 21);
INSERT INTO dtb_delivfee (deliv_id, fee_id, fee, pref) VALUES (1, 22, 1000, 22);
INSERT INTO dtb_delivfee (deliv_id, fee_id, fee, pref) VALUES (1, 23, 1000, 23);
INSERT INTO dtb_delivfee (deliv_id, fee_id, fee, pref) VALUES (1, 24, 1000, 24);
INSERT INTO dtb_delivfee (deliv_id, fee_id, fee, pref) VALUES (1, 25, 1000, 25);
INSERT INTO dtb_delivfee (deliv_id, fee_id, fee, pref) VALUES (1, 26, 1000, 26);
INSERT INTO dtb_delivfee (deliv_id, fee_id, fee, pref) VALUES (1, 27, 1000, 27);
INSERT INTO dtb_delivfee (deliv_id, fee_id, fee, pref) VALUES (1, 28, 1000, 28);
INSERT INTO dtb_delivfee (deliv_id, fee_id, fee, pref) VALUES (1, 29, 1000, 29);
INSERT INTO dtb_delivfee (deliv_id, fee_id, fee, pref) VALUES (1, 30, 1000, 30);
INSERT INTO dtb_delivfee (deliv_id, fee_id, fee, pref) VALUES (1, 31, 1000, 31);
INSERT INTO dtb_delivfee (deliv_id, fee_id, fee, pref) VALUES (1, 32, 1000, 32);
INSERT INTO dtb_delivfee (deliv_id, fee_id, fee, pref) VALUES (1, 33, 1000, 33);
INSERT INTO dtb_delivfee (deliv_id, fee_id, fee, pref) VALUES (1, 34, 1000, 34);
INSERT INTO dtb_delivfee (deliv_id, fee_id, fee, pref) VALUES (1, 35, 1000, 35);
INSERT INTO dtb_delivfee (deliv_id, fee_id, fee, pref) VALUES (1, 36, 1000, 36);
INSERT INTO dtb_delivfee (deliv_id, fee_id, fee, pref) VALUES (1, 37, 1000, 37);
INSERT INTO dtb_delivfee (deliv_id, fee_id, fee, pref) VALUES (1, 38, 1000, 38);
INSERT INTO dtb_delivfee (deliv_id, fee_id, fee, pref) VALUES (1, 39, 1000, 39);
INSERT INTO dtb_delivfee (deliv_id, fee_id, fee, pref) VALUES (1, 40, 1000, 40);
INSERT INTO dtb_delivfee (deliv_id, fee_id, fee, pref) VALUES (1, 41, 1000, 41);
INSERT INTO dtb_delivfee (deliv_id, fee_id, fee, pref) VALUES (1, 42, 1000, 42);
INSERT INTO dtb_delivfee (deliv_id, fee_id, fee, pref) VALUES (1, 43, 1000, 43);
INSERT INTO dtb_delivfee (deliv_id, fee_id, fee, pref) VALUES (1, 44, 1000, 44);
INSERT INTO dtb_delivfee (deliv_id, fee_id, fee, pref) VALUES (1, 45, 1000, 45);
INSERT INTO dtb_delivfee (deliv_id, fee_id, fee, pref) VALUES (1, 46, 1000, 46);
INSERT INTO dtb_delivfee (deliv_id, fee_id, fee, pref) VALUES (1, 47, 1000, 47);
INSERT INTO dtb_delivfee (deliv_id, fee_id, fee, pref) VALUES (2, 1, 0, 1);
INSERT INTO dtb_delivfee (deliv_id, fee_id, fee, pref) VALUES (2, 2, 0, 2);
INSERT INTO dtb_delivfee (deliv_id, fee_id, fee, pref) VALUES (2, 3, 0, 3);
INSERT INTO dtb_delivfee (deliv_id, fee_id, fee, pref) VALUES (2, 4, 0, 4);
INSERT INTO dtb_delivfee (deliv_id, fee_id, fee, pref) VALUES (2, 5, 0, 5);
INSERT INTO dtb_delivfee (deliv_id, fee_id, fee, pref) VALUES (2, 6, 0, 6);
INSERT INTO dtb_delivfee (deliv_id, fee_id, fee, pref) VALUES (2, 7, 0, 7);
INSERT INTO dtb_delivfee (deliv_id, fee_id, fee, pref) VALUES (2, 8, 0, 8);
INSERT INTO dtb_delivfee (deliv_id, fee_id, fee, pref) VALUES (2, 9, 0, 9);
INSERT INTO dtb_delivfee (deliv_id, fee_id, fee, pref) VALUES (2, 10, 0, 10);
INSERT INTO dtb_delivfee (deliv_id, fee_id, fee, pref) VALUES (2, 11, 0, 11);
INSERT INTO dtb_delivfee (deliv_id, fee_id, fee, pref) VALUES (2, 12, 0, 12);
INSERT INTO dtb_delivfee (deliv_id, fee_id, fee, pref) VALUES (2, 13, 0, 13);
INSERT INTO dtb_delivfee (deliv_id, fee_id, fee, pref) VALUES (2, 14, 0, 14);
INSERT INTO dtb_delivfee (deliv_id, fee_id, fee, pref) VALUES (2, 15, 0, 15);
INSERT INTO dtb_delivfee (deliv_id, fee_id, fee, pref) VALUES (2, 16, 0, 16);
INSERT INTO dtb_delivfee (deliv_id, fee_id, fee, pref) VALUES (2, 17, 0, 17);
INSERT INTO dtb_delivfee (deliv_id, fee_id, fee, pref) VALUES (2, 18, 0, 18);
INSERT INTO dtb_delivfee (deliv_id, fee_id, fee, pref) VALUES (2, 19, 0, 19);
INSERT INTO dtb_delivfee (deliv_id, fee_id, fee, pref) VALUES (2, 20, 0, 20);
INSERT INTO dtb_delivfee (deliv_id, fee_id, fee, pref) VALUES (2, 21, 0, 21);
INSERT INTO dtb_delivfee (deliv_id, fee_id, fee, pref) VALUES (2, 22, 0, 22);
INSERT INTO dtb_delivfee (deliv_id, fee_id, fee, pref) VALUES (2, 23, 0, 23);
INSERT INTO dtb_delivfee (deliv_id, fee_id, fee, pref) VALUES (2, 24, 0, 24);
INSERT INTO dtb_delivfee (deliv_id, fee_id, fee, pref) VALUES (2, 25, 0, 25);
INSERT INTO dtb_delivfee (deliv_id, fee_id, fee, pref) VALUES (2, 26, 0, 26);
INSERT INTO dtb_delivfee (deliv_id, fee_id, fee, pref) VALUES (2, 27, 0, 27);
INSERT INTO dtb_delivfee (deliv_id, fee_id, fee, pref) VALUES (2, 28, 0, 28);
INSERT INTO dtb_delivfee (deliv_id, fee_id, fee, pref) VALUES (2, 29, 0, 29);
INSERT INTO dtb_delivfee (deliv_id, fee_id, fee, pref) VALUES (2, 30, 0, 30);
INSERT INTO dtb_delivfee (deliv_id, fee_id, fee, pref) VALUES (2, 31, 0, 31);
INSERT INTO dtb_delivfee (deliv_id, fee_id, fee, pref) VALUES (2, 32, 0, 32);
INSERT INTO dtb_delivfee (deliv_id, fee_id, fee, pref) VALUES (2, 33, 0, 33);
INSERT INTO dtb_delivfee (deliv_id, fee_id, fee, pref) VALUES (2, 34, 0, 34);
INSERT INTO dtb_delivfee (deliv_id, fee_id, fee, pref) VALUES (2, 35, 0, 35);
INSERT INTO dtb_delivfee (deliv_id, fee_id, fee, pref) VALUES (2, 36, 0, 36);
INSERT INTO dtb_delivfee (deliv_id, fee_id, fee, pref) VALUES (2, 37, 0, 37);
INSERT INTO dtb_delivfee (deliv_id, fee_id, fee, pref) VALUES (2, 38, 0, 38);
INSERT INTO dtb_delivfee (deliv_id, fee_id, fee, pref) VALUES (2, 39, 0, 39);
INSERT INTO dtb_delivfee (deliv_id, fee_id, fee, pref) VALUES (2, 40, 0, 40);
INSERT INTO dtb_delivfee (deliv_id, fee_id, fee, pref) VALUES (2, 41, 0, 41);
INSERT INTO dtb_delivfee (deliv_id, fee_id, fee, pref) VALUES (2, 42, 0, 42);
INSERT INTO dtb_delivfee (deliv_id, fee_id, fee, pref) VALUES (2, 43, 0, 43);
INSERT INTO dtb_delivfee (deliv_id, fee_id, fee, pref) VALUES (2, 44, 0, 44);
INSERT INTO dtb_delivfee (deliv_id, fee_id, fee, pref) VALUES (2, 45, 0, 45);
INSERT INTO dtb_delivfee (deliv_id, fee_id, fee, pref) VALUES (2, 46, 0, 46);
INSERT INTO dtb_delivfee (deliv_id, fee_id, fee, pref) VALUES (2, 47, 0, 47);

INSERT INTO dtb_delivtime (deliv_id, time_id, deliv_time) VALUES (1, 1, 'A.M.');
INSERT INTO dtb_delivtime (deliv_id, time_id, deliv_time) VALUES (1, 2, 'P.M.');

INSERT INTO dtb_holiday (holiday_id, title, month, day, rank, creator_id, create_date, update_date, del_flg) VALUES (1, 'New Years (January 1)', 1, 1, 100, 0, CURRENT_TIMESTAMP, CURRENT_TIMESTAMP, 0);

INSERT INTO dtb_kiyaku (kiyaku_id, kiyaku_title, kiyaku_text, rank, creator_id, create_date, update_date, del_flg) VALUES (1, 'User agreement', 'USE OF THIS SITE (AND ITS ENTIRE CONTENTS, INCLUDING BUT NOT LIMITED TO THE TEXT, DATA, INFORMATION, MATERIALS, SOFTWARE, AND GRAPHICS CONTAINED OR PROVIDED IN THIS WEB SITE) AND THE SERVICES OFFERED BY THIS WEBSITE, IS SUBJECT TO THE TERMS AND CONDITIONS OF THIS USER AGREEMENT FORM). BY USING THIS WEB SITE OR, IF YOU ARE A REGISTERED USER, BY CLICKING ON THE SUBMIT BUTTON ON THE REGISTRATION PAGE: (1) YOU REPRESENT THAT YOU HAVE READ AND UNDERSTAND, AND HAVE THE CAPACITY AND AUTHORITY TO ENTER INTO, THIS USER AGREEMENT AND (2) YOU AGREE TO BE BOUND BY ALL OF THE TERMS AND CONDITIONS OF THIS USER AGREEMENT.
The administration may change the terms and conditions of this user agreement at any time. In addition, the current user agreement can always be found in the membership area of this Web site. By using this Web site after any such changes take place, you agree to be bound by such changes. If you do not agree to be bound by any such changes, you must immediately stop using this web site.', 12, 0, CURRENT_TIMESTAMP, CURRENT_TIMESTAMP, 0);
INSERT INTO dtb_kiyaku (kiyaku_id, kiyaku_title, kiyaku_text, rank, creator_id, create_date, update_date, del_flg) VALUES (2, 'Termination', 'These terms and conditions are effective until they are terminated by you or the administration. You may terminate this agreement at any time by contacting this administration to disable your account ID. These terms and conditions will terminate immediately without notice.', 11, 0, CURRENT_TIMESTAMP, CURRENT_TIMESTAMP, 0);
INSERT INTO dtb_mailtemplate (template_id, subject, header, footer, creator_id, del_flg, create_date, update_date) VALUES (1, 'Thank you for ordering!', 'Thank you for your order.
Please check if the below purchased items are correct.

', '
============================================


This is an automatic message.
Please do not reply to this e-mail.


If you have any questions or issues, please go here.

', 0, 0, CURRENT_TIMESTAMP, CURRENT_TIMESTAMP);
INSERT INTO dtb_mailtemplate (template_id, subject, header, footer, creator_id, del_flg, create_date, update_date) VALUES (5, 'Your inquiry has been received', NULL, NULL, 0, 0, CURRENT_TIMESTAMP, CURRENT_TIMESTAMP);

INSERT INTO dtb_member (member_id, name, department, login_id, password, salt, authority, rank, work, del_flg, creator_id, update_date, create_date, login_date) VALUES (1, 'dummy', NULL, 'dummy', 'dummy', 'dummy', 0, 0, 1, 1, 0, CURRENT_TIMESTAMP, CURRENT_TIMESTAMP, NULL);

INSERT INTO dtb_module (module_id, module_code, module_name, sub_data, auto_update_flg, del_flg, create_date, update_date) VALUES (0, '0', 'patch', NULL, 0, 0, CURRENT_TIMESTAMP, CURRENT_TIMESTAMP);

INSERT INTO dtb_news (news_id, news_date, rank, news_title, news_comment, news_url, news_select, link_method, creator_id, create_date, update_date, del_flg) VALUES (1, CURRENT_TIMESTAMP, 1, 'The site is now open!', 'Various goods that support your lifestyle, whether you live alone or you need something for your office, we have it! The best products at the best prices can only be found here. Buy a shirt for your mother or get one for your boss. Thank you and come again!', NULL, 0, NULL, 1, CURRENT_TIMESTAMP, CURRENT_TIMESTAMP, 0);

INSERT INTO dtb_pagelayout (device_type_id, page_id, page_name, url, filename, header_chk, footer_chk, edit_flg, author, description, keyword, update_url, create_date, update_date) VALUES (10, 0, 'Preview data', 'preview', NULL, 1, 1, 1, NULL, NULL, NULL, NULL, CURRENT_TIMESTAMP, CURRENT_TIMESTAMP);
INSERT INTO dtb_pagelayout (device_type_id, page_id, page_name, url, filename, header_chk, footer_chk, edit_flg, author, description, keyword, update_url, create_date, update_date) VALUES (10, 1, 'TOP page', 'index.php', 'index', 1, 1, 2, NULL, NULL, NULL, NULL, CURRENT_TIMESTAMP, CURRENT_TIMESTAMP);
INSERT INTO dtb_pagelayout (device_type_id, page_id, page_name, url, filename, header_chk, footer_chk, edit_flg, author, description, keyword, update_url, create_date, update_date) VALUES (10, 2, 'Product list page', 'products/list.php', 'products/list', 1, 1, 2, NULL, NULL, NULL, NULL, CURRENT_TIMESTAMP, CURRENT_TIMESTAMP);
INSERT INTO dtb_pagelayout (device_type_id, page_id, page_name, url, filename, header_chk, footer_chk, edit_flg, author, description, keyword, update_url, create_date, update_date) VALUES (10, 3, 'Product details page', 'products/detail.php', 'products/detail', 1, 1, 2, NULL, NULL, NULL, NULL, CURRENT_TIMESTAMP, CURRENT_TIMESTAMP);
INSERT INTO dtb_pagelayout (device_type_id, page_id, page_name, url, filename, header_chk, footer_chk, edit_flg, author, description, keyword, update_url, create_date, update_date) VALUES (10, 4, 'MY page', 'mypage/index.php', 'mypage/index', 1, 1, 2, NULL, NULL, NULL, NULL, CURRENT_TIMESTAMP, CURRENT_TIMESTAMP);
INSERT INTO dtb_pagelayout (device_type_id, page_id, page_name, url, filename, header_chk, footer_chk, edit_flg, author, description, keyword, update_url, create_date, update_date) VALUES (10, 5, 'MY page/Change details of member registration (input page)', 'mypage/change.php', 'mypage/change', 1, 1, 2, NULL, NULL, NULL, NULL, CURRENT_TIMESTAMP, CURRENT_TIMESTAMP);
INSERT INTO dtb_pagelayout (device_type_id, page_id, page_name, url, filename, header_chk, footer_chk, edit_flg, author, description, keyword, update_url, create_date, update_date) VALUES (10, 6, 'MY page/Change details of member registration (completion page)', 'mypage/change_complete.php', 'mypage/change_complete', 1, 1, 2, NULL, NULL, NULL, NULL, CURRENT_TIMESTAMP, CURRENT_TIMESTAMP);
INSERT INTO dtb_pagelayout (device_type_id, page_id, page_name, url, filename, header_chk, footer_chk, edit_flg, author, description, keyword, update_url, create_date, update_date) VALUES (10, 7, 'MY page/Add and change shipping destinations', 'mypage/delivery.php', 'mypage/delivery', 1, 1, 2, NULL, NULL, NULL, NULL, CURRENT_TIMESTAMP, CURRENT_TIMESTAMP);
INSERT INTO dtb_pagelayout (device_type_id, page_id, page_name, url, filename, header_chk, footer_chk, edit_flg, author, description, keyword, update_url, create_date, update_date) VALUES (10, 8, 'MY page/List of favorites', 'mypage/favorite.php', 'mypage/favorite', 1, 1, 2, NULL, NULL, NULL, NULL, CURRENT_TIMESTAMP, CURRENT_TIMESTAMP);
INSERT INTO dtb_pagelayout (device_type_id, page_id, page_name, url, filename, header_chk, footer_chk, edit_flg, author, description, keyword, update_url, create_date, update_date) VALUES (10, 9, 'MY page/Details of purchase history', 'mypage/history.php', 'mypage/history', 1, 1, 2, NULL, NULL, NULL, NULL, CURRENT_TIMESTAMP, CURRENT_TIMESTAMP);
INSERT INTO dtb_pagelayout (device_type_id, page_id, page_name, url, filename, header_chk, footer_chk, edit_flg, author, description, keyword, update_url, create_date, update_date) VALUES (10, 10, 'MY page/Login', 'mypage/login.php', 'mypage/login', 1, 1, 2, NULL, NULL, NULL, NULL, CURRENT_TIMESTAMP, CURRENT_TIMESTAMP);
INSERT INTO dtb_pagelayout (device_type_id, page_id, page_name, url, filename, header_chk, footer_chk, edit_flg, author, description, keyword, update_url, create_date, update_date) VALUES (10, 11, 'MY page/Procedure for membership withdrawal (input page)', 'mypage/refusal.php', 'mypage/refusal', 1, 1, 2, NULL, NULL, NULL, NULL, CURRENT_TIMESTAMP, CURRENT_TIMESTAMP);
INSERT INTO dtb_pagelayout (device_type_id, page_id, page_name, url, filename, header_chk, footer_chk, edit_flg, author, description, keyword, update_url, create_date, update_date) VALUES (10, 12, 'MY page/Procedure for membership withdrawal (completion page)', 'mypage/refusal_complete.php', 'mypage/refusal_complete', 1, 1, 2, NULL, NULL, NULL, NULL, CURRENT_TIMESTAMP, CURRENT_TIMESTAMP);
INSERT INTO dtb_pagelayout (device_type_id, page_id, page_name, url, filename, header_chk, footer_chk, edit_flg, author, description, keyword, update_url, create_date, update_date) VALUES (10, 13, 'About this site', 'abouts/index.php', 'abouts/index', 1, 1, 2, NULL, NULL, NULL, NULL, CURRENT_TIMESTAMP, CURRENT_TIMESTAMP);
INSERT INTO dtb_pagelayout (device_type_id, page_id, page_name, url, filename, header_chk, footer_chk, edit_flg, author, description, keyword, update_url, create_date, update_date) VALUES (10, 14, 'What is inside your basket now', 'cart/index.php', 'cart/index', 1, 1, 2, NULL, NULL, NULL, NULL, CURRENT_TIMESTAMP, CURRENT_TIMESTAMP);
INSERT INTO dtb_pagelayout (device_type_id, page_id, page_name, url, filename, header_chk, footer_chk, edit_flg, author, description, keyword, update_url, create_date, update_date) VALUES (10, 15, 'Inquiry (input page)', 'contact/index.php', 'contact/index', 1, 1, 2, NULL, NULL, NULL, NULL, CURRENT_TIMESTAMP, CURRENT_TIMESTAMP);
INSERT INTO dtb_pagelayout (device_type_id, page_id, page_name, url, filename, header_chk, footer_chk, edit_flg, author, description, keyword, update_url, create_date, update_date) VALUES (10, 16, 'Inquiry (completion page)', 'contact/complete.php', 'contact/complete', 1, 1, 2, NULL, NULL, NULL, NULL, CURRENT_TIMESTAMP, CURRENT_TIMESTAMP);
INSERT INTO dtb_pagelayout (device_type_id, page_id, page_name, url, filename, header_chk, footer_chk, edit_flg, author, description, keyword, update_url, create_date, update_date) VALUES (10, 17, 'Member registration', 'entry/index.php', 'entry/index', 1, 1, 2, NULL, NULL, NULL, NULL, CURRENT_TIMESTAMP, CURRENT_TIMESTAMP);
INSERT INTO dtb_pagelayout (device_type_id, page_id, page_name, url, filename, header_chk, footer_chk, edit_flg, author, description, keyword, update_url, create_date, update_date) VALUES (10, 18, 'Usage agreement', 'entry/kiyaku.php', 'entry/kiyaku', 1, 1, 2, NULL, NULL, NULL, NULL, CURRENT_TIMESTAMP, CURRENT_TIMESTAMP);
INSERT INTO dtb_pagelayout (device_type_id, page_id, page_name, url, filename, header_chk, footer_chk, edit_flg, author, description, keyword, update_url, create_date, update_date) VALUES (10, 19, 'Finish temporary member registration', 'entry/complete.php', 'entry/complete', 1, 1, 2, NULL, NULL, NULL, NULL, CURRENT_TIMESTAMP, CURRENT_TIMESTAMP);
INSERT INTO dtb_pagelayout (device_type_id, page_id, page_name, url, filename, header_chk, footer_chk, edit_flg, author, description, keyword, update_url, create_date, update_date) VALUES (10, 20, 'Legal-based notation related to specified commercial transactions', 'order/index.php', 'order/index', 1, 1, 2, NULL, NULL, NULL, NULL, CURRENT_TIMESTAMP, CURRENT_TIMESTAMP);
INSERT INTO dtb_pagelayout (device_type_id, page_id, page_name, url, filename, header_chk, footer_chk, edit_flg, author, description, keyword, update_url, create_date, update_date) VALUES (10, 21, 'Member registration completed', 'regist/complete.php', 'regist/complete', 1, 1, 2, NULL, NULL, NULL, NULL, CURRENT_TIMESTAMP, CURRENT_TIMESTAMP);
INSERT INTO dtb_pagelayout (device_type_id, page_id, page_name, url, filename, header_chk, footer_chk, edit_flg, author, description, keyword, update_url, create_date, update_date) VALUES (10, 22, 'Product purchase/Login', 'shopping/index.php', 'shopping/index', 1, 1, 2, NULL, NULL, NULL, NULL, CURRENT_TIMESTAMP, CURRENT_TIMESTAMP);
INSERT INTO dtb_pagelayout (device_type_id, page_id, page_name, url, filename, header_chk, footer_chk, edit_flg, author, description, keyword, update_url, create_date, update_date) VALUES (10, 23, 'Product purchase/Designation of delivery destination', 'shopping/deliv.php', 'shopping/deliv', 1, 1, 2, NULL, NULL, NULL, NULL, CURRENT_TIMESTAMP, CURRENT_TIMESTAMP);
INSERT INTO dtb_pagelayout (device_type_id, page_id, page_name, url, filename, header_chk, footer_chk, edit_flg, author, description, keyword, update_url, create_date, update_date) VALUES (10, 24, 'Product purchase/Designation of multiple delivery destinations', 'shopping/multiple.php', 'shopping/multiple', 1, 1, 2, NULL, NULL, NULL, NULL, CURRENT_TIMESTAMP, CURRENT_TIMESTAMP);
INSERT INTO dtb_pagelayout (device_type_id, page_id, page_name, url, filename, header_chk, footer_chk, edit_flg, author, description, keyword, update_url, create_date, update_date) VALUES (10, 25, 'Product purchase/Designation of payment method and delivery time, etc.', 'shopping/payment.php', 'shopping/payment', 1, 1, 2, NULL, NULL, NULL, NULL, CURRENT_TIMESTAMP, CURRENT_TIMESTAMP);
INSERT INTO dtb_pagelayout (device_type_id, page_id, page_name, url, filename, header_chk, footer_chk, edit_flg, author, description, keyword, update_url, create_date, update_date) VALUES (10, 26, 'Product purchase/Confirmation of input details', 'shopping/confirm.php', 'shopping/confirm', 1, 1, 2, NULL, NULL, NULL, NULL, CURRENT_TIMESTAMP, CURRENT_TIMESTAMP);
INSERT INTO dtb_pagelayout (device_type_id, page_id, page_name, url, filename, header_chk, footer_chk, edit_flg, author, description, keyword, update_url, create_date, update_date) VALUES (10, 27, 'Product purchase/Order complete', 'shopping/complete.php', 'shopping/complete', 1, 1, 2, NULL, NULL, NULL, NULL, CURRENT_TIMESTAMP, CURRENT_TIMESTAMP);
INSERT INTO dtb_pagelayout (device_type_id, page_id, page_name, url, filename, header_chk, footer_chk, edit_flg, author, description, keyword, update_url, create_date, update_date) VALUES (10, 28, 'Privacy policy', 'guide/privacy.php', 'guide/privacy', 1, 1, 2, NULL, NULL, NULL, NULL, CURRENT_TIMESTAMP, CURRENT_TIMESTAMP);
INSERT INTO dtb_pagelayout (device_type_id, page_id, page_name, url, filename, header_chk, footer_chk, edit_flg, author, description, keyword, update_url, create_date, update_date) VALUES (2, 0, NULL, 'preview', 'preview', 1, 1, 1, NULL, NULL, NULL, NULL, CURRENT_TIMESTAMP, CURRENT_TIMESTAMP);
INSERT INTO dtb_pagelayout (device_type_id, page_id, page_name, url, filename, header_chk, footer_chk, edit_flg, author, description, keyword, update_url, create_date, update_date) VALUES (2, 1, 'TOP page', 'index.php', 'index', 1, 1, 2, NULL, NULL, NULL, NULL, CURRENT_TIMESTAMP, CURRENT_TIMESTAMP);
INSERT INTO dtb_pagelayout (device_type_id, page_id, page_name, url, filename, header_chk, footer_chk, edit_flg, author, description, keyword, update_url, create_date, update_date) VALUES (2, 2, 'Product list page', 'products/list.php', 'products/list', 1, 1, 2, NULL, NULL, NULL, NULL, CURRENT_TIMESTAMP, CURRENT_TIMESTAMP);
INSERT INTO dtb_pagelayout (device_type_id, page_id, page_name, url, filename, header_chk, footer_chk, edit_flg, author, description, keyword, update_url, create_date, update_date) VALUES (2, 3, 'Product details page', 'products/detail.php', 'products/detail', 1, 1, 2, NULL, NULL, NULL, NULL, CURRENT_TIMESTAMP, CURRENT_TIMESTAMP);
INSERT INTO dtb_pagelayout (device_type_id, page_id, page_name, url, filename, header_chk, footer_chk, edit_flg, author, description, keyword, update_url, create_date, update_date) VALUES (2, 4, 'MY page', 'mypage/index.php', 'mypage/index', 1, 1, 2, NULL, NULL, NULL, NULL, CURRENT_TIMESTAMP, CURRENT_TIMESTAMP);
INSERT INTO dtb_pagelayout (device_type_id, page_id, page_name, url, filename, header_chk, footer_chk, edit_flg, author, description, keyword, update_url, create_date, update_date) VALUES (2, 5, 'MY page/Change details of member registration (input page)', 'mypage/change.php', 'mypage/change', 1, 1, 2, NULL, NULL, NULL, NULL, CURRENT_TIMESTAMP, CURRENT_TIMESTAMP);
INSERT INTO dtb_pagelayout (device_type_id, page_id, page_name, url, filename, header_chk, footer_chk, edit_flg, author, description, keyword, update_url, create_date, update_date) VALUES (2, 6, 'MY page/Change details of member registration (completion page)', 'mypage/change_complete.php', 'mypage/change_complete', 1, 1, 2, NULL, NULL, NULL, NULL, CURRENT_TIMESTAMP, CURRENT_TIMESTAMP);
INSERT INTO dtb_pagelayout (device_type_id, page_id, page_name, url, filename, header_chk, footer_chk, edit_flg, author, description, keyword, update_url, create_date, update_date) VALUES (2, 7, 'MY page/Add and change shipping destinations', 'mypage/delivery.php', 'mypage/delivery', 1, 1, 2, NULL, NULL, NULL, NULL, CURRENT_TIMESTAMP, CURRENT_TIMESTAMP);
INSERT INTO dtb_pagelayout (device_type_id, page_id, page_name, url, filename, header_chk, footer_chk, edit_flg, author, description, keyword, update_url, create_date, update_date) VALUES (2, 8, 'MY page/List of favorites', 'mypage/favorite.php', 'mypage/favorite', 1, 1, 2, NULL, NULL, NULL, NULL, CURRENT_TIMESTAMP, CURRENT_TIMESTAMP);
INSERT INTO dtb_pagelayout (device_type_id, page_id, page_name, url, filename, header_chk, footer_chk, edit_flg, author, description, keyword, update_url, create_date, update_date) VALUES (2, 9, 'MY page/Details of purchase history', 'mypage/history.php', 'mypage/history', 1, 1, 2, NULL, NULL, NULL, NULL, CURRENT_TIMESTAMP, CURRENT_TIMESTAMP);
INSERT INTO dtb_pagelayout (device_type_id, page_id, page_name, url, filename, header_chk, footer_chk, edit_flg, author, description, keyword, update_url, create_date, update_date) VALUES (2, 10, 'MY page/Login', 'mypage/login.php', 'mypage/login', 1, 1, 2, NULL, NULL, NULL, NULL, CURRENT_TIMESTAMP, CURRENT_TIMESTAMP);
INSERT INTO dtb_pagelayout (device_type_id, page_id, page_name, url, filename, header_chk, footer_chk, edit_flg, author, description, keyword, update_url, create_date, update_date) VALUES (2, 11, 'MY page/Procedure for membership withdrawal (input page)', 'mypage/refusal.php', 'mypage/refusal', 1, 1, 2, NULL, NULL, NULL, NULL, CURRENT_TIMESTAMP, CURRENT_TIMESTAMP);
INSERT INTO dtb_pagelayout (device_type_id, page_id, page_name, url, filename, header_chk, footer_chk, edit_flg, author, description, keyword, update_url, create_date, update_date) VALUES (2, 12, 'MY page/Procedure for membership withdrawal (completion page)', 'mypage/refusal_complete.php', 'mypage/refusal_complete', 1, 1, 2, NULL, NULL, NULL, NULL, CURRENT_TIMESTAMP, CURRENT_TIMESTAMP);
INSERT INTO dtb_pagelayout (device_type_id, page_id, page_name, url, filename, header_chk, footer_chk, edit_flg, author, description, keyword, update_url, create_date, update_date) VALUES (2, 13, 'About this site', 'abouts/index.php', 'abouts/index', 1, 1, 2, NULL, NULL, NULL, NULL, CURRENT_TIMESTAMP, CURRENT_TIMESTAMP);
INSERT INTO dtb_pagelayout (device_type_id, page_id, page_name, url, filename, header_chk, footer_chk, edit_flg, author, description, keyword, update_url, create_date, update_date) VALUES (2, 14, 'What is inside your basket now', 'cart/index.php', 'cart/index', 1, 1, 2, NULL, NULL, NULL, NULL, CURRENT_TIMESTAMP, CURRENT_TIMESTAMP);
INSERT INTO dtb_pagelayout (device_type_id, page_id, page_name, url, filename, header_chk, footer_chk, edit_flg, author, description, keyword, update_url, create_date, update_date) VALUES (2, 15, 'Inquiry (input page)', 'contact/index.php', 'contact/index', 1, 1, 2, NULL, NULL, NULL, NULL, CURRENT_TIMESTAMP, CURRENT_TIMESTAMP);
INSERT INTO dtb_pagelayout (device_type_id, page_id, page_name, url, filename, header_chk, footer_chk, edit_flg, author, description, keyword, update_url, create_date, update_date) VALUES (2, 16, 'Inquiry (completion page)', 'contact/complete.php', 'contact/complete', 1, 1, 2, NULL, NULL, NULL, NULL, CURRENT_TIMESTAMP, CURRENT_TIMESTAMP);
INSERT INTO dtb_pagelayout (device_type_id, page_id, page_name, url, filename, header_chk, footer_chk, edit_flg, author, description, keyword, update_url, create_date, update_date) VALUES (2, 17, 'Member registration', 'entry/index.php', 'entry/index', 1, 1, 2, NULL, NULL, NULL, NULL, CURRENT_TIMESTAMP, CURRENT_TIMESTAMP);
INSERT INTO dtb_pagelayout (device_type_id, page_id, page_name, url, filename, header_chk, footer_chk, edit_flg, author, description, keyword, update_url, create_date, update_date) VALUES (2, 18, 'Usage agreement', 'entry/kiyaku.php', 'entry/kiyaku', 1, 1, 2, NULL, NULL, NULL, NULL, CURRENT_TIMESTAMP, CURRENT_TIMESTAMP);
INSERT INTO dtb_pagelayout (device_type_id, page_id, page_name, url, filename, header_chk, footer_chk, edit_flg, author, description, keyword, update_url, create_date, update_date) VALUES (2, 19, 'Finish temporary member registration', 'entry/complete.php', 'entry/complete', 1, 1, 2, NULL, NULL, NULL, NULL, CURRENT_TIMESTAMP, CURRENT_TIMESTAMP);
INSERT INTO dtb_pagelayout (device_type_id, page_id, page_name, url, filename, header_chk, footer_chk, edit_flg, author, description, keyword, update_url, create_date, update_date) VALUES (2, 20, 'Legal-based notation related to specified commercial transactions', 'order/index.php', 'order/index', 1, 1, 2, NULL, NULL, NULL, NULL, CURRENT_TIMESTAMP, CURRENT_TIMESTAMP);
INSERT INTO dtb_pagelayout (device_type_id, page_id, page_name, url, filename, header_chk, footer_chk, edit_flg, author, description, keyword, update_url, create_date, update_date) VALUES (2, 21, 'Member registration completed', 'regist/complete.php', 'regist/complete', 1, 1, 2, NULL, NULL, NULL, NULL, CURRENT_TIMESTAMP, CURRENT_TIMESTAMP);
INSERT INTO dtb_pagelayout (device_type_id, page_id, page_name, url, filename, header_chk, footer_chk, edit_flg, author, description, keyword, update_url, create_date, update_date) VALUES (2, 22, 'Product purchase/Login', 'shopping/index.php', 'shopping/index', 1, 1, 2, NULL, NULL, NULL, NULL, CURRENT_TIMESTAMP, CURRENT_TIMESTAMP);
INSERT INTO dtb_pagelayout (device_type_id, page_id, page_name, url, filename, header_chk, footer_chk, edit_flg, author, description, keyword, update_url, create_date, update_date) VALUES (2, 23, 'Product purchase/Designation of delivery destination', 'shopping/deliv.php', 'shopping/deliv', 1, 1, 2, NULL, NULL, NULL, NULL, CURRENT_TIMESTAMP, CURRENT_TIMESTAMP);
INSERT INTO dtb_pagelayout (device_type_id, page_id, page_name, url, filename, header_chk, footer_chk, edit_flg, author, description, keyword, update_url, create_date, update_date) VALUES (2, 24, 'Product purchase/Designation of multiple delivery destinations', 'shopping/multiple.php', 'shopping/multiple', 1, 1, 2, NULL, NULL, NULL, NULL, CURRENT_TIMESTAMP, CURRENT_TIMESTAMP);
INSERT INTO dtb_pagelayout (device_type_id, page_id, page_name, url, filename, header_chk, footer_chk, edit_flg, author, description, keyword, update_url, create_date, update_date) VALUES (2, 25, 'Product purchase/Designation of payment method and delivery time, etc.', 'shopping/payment.php', 'shopping/payment', 1, 1, 2, NULL, NULL, NULL, NULL, CURRENT_TIMESTAMP, CURRENT_TIMESTAMP);
INSERT INTO dtb_pagelayout (device_type_id, page_id, page_name, url, filename, header_chk, footer_chk, edit_flg, author, description, keyword, update_url, create_date, update_date) VALUES (2, 26, 'Product purchase/Confirmation of input details', 'shopping/confirm.php', 'shopping/confirm', 1, 1, 2, NULL, NULL, NULL, NULL, CURRENT_TIMESTAMP, CURRENT_TIMESTAMP);
INSERT INTO dtb_pagelayout (device_type_id, page_id, page_name, url, filename, header_chk, footer_chk, edit_flg, author, description, keyword, update_url, create_date, update_date) VALUES (2, 27, 'Product purchase/Order complete', 'shopping/complete.php', 'shopping/complete', 1, 1, 2, NULL, NULL, NULL, NULL, CURRENT_TIMESTAMP, CURRENT_TIMESTAMP);
INSERT INTO dtb_pagelayout (device_type_id, page_id, page_name, url, filename, header_chk, footer_chk, edit_flg, author, description, keyword, update_url, create_date, update_date) VALUES (2, 28, 'Privacy policy', 'guide/privacy.php', 'guide/privacy', 1, 1, 2, NULL, NULL, NULL, NULL, CURRENT_TIMESTAMP, CURRENT_TIMESTAMP);
INSERT INTO dtb_pagelayout (device_type_id, page_id, page_name, url, filename, header_chk, footer_chk, edit_flg, author, description, keyword, update_url, create_date, update_date) VALUES (2, 29, 'If you have forgotten your password', 'forgot/index.php', 'forgot/index', 1, 1, 2, NULL, NULL, NULL, NULL, CURRENT_TIMESTAMP, CURRENT_TIMESTAMP);
INSERT INTO dtb_pagelayout (device_type_id, page_id, page_name, url, filename, header_chk, footer_chk, edit_flg, author, description, keyword, update_url, create_date, update_date) VALUES (1, 0, NULL, 'preview', 'preview', 1, 1, 1, NULL, NULL, NULL, NULL, CURRENT_TIMESTAMP, CURRENT_TIMESTAMP);
INSERT INTO dtb_pagelayout (device_type_id, page_id, page_name, url, filename, header_chk, footer_chk, edit_flg, author, description, keyword, update_url, create_date, update_date) VALUES (1, 1, 'TOP page', 'index.php', 'index', 1, 1, 2, NULL, NULL, NULL, NULL, CURRENT_TIMESTAMP, CURRENT_TIMESTAMP);
INSERT INTO dtb_pagelayout (device_type_id, page_id, page_name, url, filename, header_chk, footer_chk, edit_flg, author, description, keyword, update_url, create_date, update_date) VALUES (1, 2, 'Product list page', 'products/list.php', 'products/list', 1, 1, 2, NULL, NULL, NULL, NULL, CURRENT_TIMESTAMP, CURRENT_TIMESTAMP);
INSERT INTO dtb_pagelayout (device_type_id, page_id, page_name, url, filename, header_chk, footer_chk, edit_flg, author, description, keyword, update_url, create_date, update_date) VALUES (1, 3, 'Product search page', 'products/search.php', 'products/search', 1, 1, 2, NULL, NULL, NULL, NULL, CURRENT_TIMESTAMP, CURRENT_TIMESTAMP);
INSERT INTO dtb_pagelayout (device_type_id, page_id, page_name, url, filename, header_chk, footer_chk, edit_flg, author, description, keyword, update_url, create_date, update_date) VALUES (1, 4, 'Product category page', 'products/category_list.php', 'products/category_list', 1, 1, 2, NULL, NULL, NULL, NULL, CURRENT_TIMESTAMP, CURRENT_TIMESTAMP);
INSERT INTO dtb_pagelayout (device_type_id, page_id, page_name, url, filename, header_chk, footer_chk, edit_flg, author, description, keyword, update_url, create_date, update_date) VALUES (1, 5, 'Product details page', 'products/detail.php', 'products/detail', 1, 1, 2, NULL, NULL, NULL, NULL, CURRENT_TIMESTAMP, CURRENT_TIMESTAMP);
INSERT INTO dtb_pagelayout (device_type_id, page_id, page_name, url, filename, header_chk, footer_chk, edit_flg, author, description, keyword, update_url, create_date, update_date) VALUES (1, 6, 'MY page', 'mypage/index.php', 'mypage/index', 1, 1, 2, NULL, NULL, NULL, NULL, CURRENT_TIMESTAMP, CURRENT_TIMESTAMP);
INSERT INTO dtb_pagelayout (device_type_id, page_id, page_name, url, filename, header_chk, footer_chk, edit_flg, author, description, keyword, update_url, create_date, update_date) VALUES (1, 7, 'MY page/Change details of member registration (input page)', 'mypage/change.php', 'mypage/change', 1, 1, 2, NULL, NULL, NULL, NULL, CURRENT_TIMESTAMP, CURRENT_TIMESTAMP);
INSERT INTO dtb_pagelayout (device_type_id, page_id, page_name, url, filename, header_chk, footer_chk, edit_flg, author, description, keyword, update_url, create_date, update_date) VALUES (1, 8, 'MY page/Change details of member registration (completion page)', 'mypage/change_complete.php', 'mypage/change_complete', 1, 1, 2, NULL, NULL, NULL, NULL, CURRENT_TIMESTAMP, CURRENT_TIMESTAMP);
INSERT INTO dtb_pagelayout (device_type_id, page_id, page_name, url, filename, header_chk, footer_chk, edit_flg, author, description, keyword, update_url, create_date, update_date) VALUES (1, 9, 'MY page/Add and change shipping destinations', 'mypage/delivery.php', 'mypage/delivery', 1, 1, 2, NULL, NULL, NULL, NULL, CURRENT_TIMESTAMP, CURRENT_TIMESTAMP);
INSERT INTO dtb_pagelayout (device_type_id, page_id, page_name, url, filename, header_chk, footer_chk, edit_flg, author, description, keyword, update_url, create_date, update_date) VALUES (1, 10, 'MY page/List of favorites', 'mypage/favorite.php', 'mypage/favorite', 1, 1, 2, NULL, NULL, NULL, NULL, CURRENT_TIMESTAMP, CURRENT_TIMESTAMP);
INSERT INTO dtb_pagelayout (device_type_id, page_id, page_name, url, filename, header_chk, footer_chk, edit_flg, author, description, keyword, update_url, create_date, update_date) VALUES (1, 11, 'MY page/Details of purchase history', 'mypage/history.php', 'mypage/history', 1, 1, 2, NULL, NULL, NULL, NULL, CURRENT_TIMESTAMP, CURRENT_TIMESTAMP);
INSERT INTO dtb_pagelayout (device_type_id, page_id, page_name, url, filename, header_chk, footer_chk, edit_flg, author, description, keyword, update_url, create_date, update_date) VALUES (1, 12, 'MY page/Login', 'mypage/login.php', 'mypage/login', 1, 1, 2, NULL, NULL, NULL, NULL, CURRENT_TIMESTAMP, CURRENT_TIMESTAMP);
INSERT INTO dtb_pagelayout (device_type_id, page_id, page_name, url, filename, header_chk, footer_chk, edit_flg, author, description, keyword, update_url, create_date, update_date) VALUES (1, 13, 'MY page/Procedure for membership withdrawal (input page)', 'mypage/refusal.php', 'mypage/refusal', 1, 1, 2, NULL, NULL, NULL, NULL, CURRENT_TIMESTAMP, CURRENT_TIMESTAMP);
INSERT INTO dtb_pagelayout (device_type_id, page_id, page_name, url, filename, header_chk, footer_chk, edit_flg, author, description, keyword, update_url, create_date, update_date) VALUES (1, 14, 'MY page/Procedure for membership withdrawal (completion page)', 'mypage/refusal_complete.php', 'mypage/refusal_complete', 1, 1, 2, NULL, NULL, NULL, NULL, CURRENT_TIMESTAMP, CURRENT_TIMESTAMP);
INSERT INTO dtb_pagelayout (device_type_id, page_id, page_name, url, filename, header_chk, footer_chk, edit_flg, author, description, keyword, update_url, create_date, update_date) VALUES (1, 15, 'About this site', 'abouts/index.php', 'abouts/index', 1, 1, 2, NULL, NULL, NULL, NULL, CURRENT_TIMESTAMP, CURRENT_TIMESTAMP);
INSERT INTO dtb_pagelayout (device_type_id, page_id, page_name, url, filename, header_chk, footer_chk, edit_flg, author, description, keyword, update_url, create_date, update_date) VALUES (1, 16, 'What is inside your basket now', 'cart/index.php', 'cart/index', 1, 1, 2, NULL, NULL, NULL, NULL, CURRENT_TIMESTAMP, CURRENT_TIMESTAMP);
INSERT INTO dtb_pagelayout (device_type_id, page_id, page_name, url, filename, header_chk, footer_chk, edit_flg, author, description, keyword, update_url, create_date, update_date) VALUES (1, 17, 'Inquiry (input page)', 'contact/index.php', 'contact/index', 1, 1, 2, NULL, NULL, NULL, NULL, CURRENT_TIMESTAMP, CURRENT_TIMESTAMP);
INSERT INTO dtb_pagelayout (device_type_id, page_id, page_name, url, filename, header_chk, footer_chk, edit_flg, author, description, keyword, update_url, create_date, update_date) VALUES (1, 18, 'Inquiry (completion page)', 'contact/complete.php', 'contact/complete', 1, 1, 2, NULL, NULL, NULL, NULL, CURRENT_TIMESTAMP, CURRENT_TIMESTAMP);
INSERT INTO dtb_pagelayout (device_type_id, page_id, page_name, url, filename, header_chk, footer_chk, edit_flg, author, description, keyword, update_url, create_date, update_date) VALUES (1, 19, 'Member registration', 'entry/index.php', 'entry/index', 1, 1, 2, NULL, NULL, NULL, NULL, CURRENT_TIMESTAMP, CURRENT_TIMESTAMP);
INSERT INTO dtb_pagelayout (device_type_id, page_id, page_name, url, filename, header_chk, footer_chk, edit_flg, author, description, keyword, update_url, create_date, update_date) VALUES (1, 20, 'Usage agreement', 'entry/kiyaku.php', 'entry/kiyaku', 1, 1, 2, NULL, NULL, NULL, NULL, CURRENT_TIMESTAMP, CURRENT_TIMESTAMP);
INSERT INTO dtb_pagelayout (device_type_id, page_id, page_name, url, filename, header_chk, footer_chk, edit_flg, author, description, keyword, update_url, create_date, update_date) VALUES (1, 21, 'Finish temporary member registration', 'entry/complete.php', 'entry/complete', 1, 1, 2, NULL, NULL, NULL, NULL, CURRENT_TIMESTAMP, CURRENT_TIMESTAMP);
INSERT INTO dtb_pagelayout (device_type_id, page_id, page_name, url, filename, header_chk, footer_chk, edit_flg, author, description, keyword, update_url, create_date, update_date) VALUES (1, 22, 'Mobile e-mail registration', 'entry/email_mobile.php', 'entry/email_mobile', 1, 1, 2, NULL, NULL, NULL, NULL, CURRENT_TIMESTAMP, CURRENT_TIMESTAMP);
INSERT INTO dtb_pagelayout (device_type_id, page_id, page_name, url, filename, header_chk, footer_chk, edit_flg, author, description, keyword, update_url, create_date, update_date) VALUES (1, 23, 'Legal-based notation related to specified commercial transactions', 'order/index.php', 'order/index', 1, 1, 2, NULL, NULL, NULL, NULL, CURRENT_TIMESTAMP, CURRENT_TIMESTAMP);
INSERT INTO dtb_pagelayout (device_type_id, page_id, page_name, url, filename, header_chk, footer_chk, edit_flg, author, description, keyword, update_url, create_date, update_date) VALUES (1, 24, 'Member registration completed', 'regist/complete.php', 'regist/complete', 1, 1, 2, NULL, NULL, NULL, NULL, CURRENT_TIMESTAMP, CURRENT_TIMESTAMP);
INSERT INTO dtb_pagelayout (device_type_id, page_id, page_name, url, filename, header_chk, footer_chk, edit_flg, author, description, keyword, update_url, create_date, update_date) VALUES (1, 25, 'Product purchase/Login', 'shopping/index.php', 'shopping/index', 1, 1, 2, NULL, NULL, NULL, NULL, CURRENT_TIMESTAMP, CURRENT_TIMESTAMP);
INSERT INTO dtb_pagelayout (device_type_id, page_id, page_name, url, filename, header_chk, footer_chk, edit_flg, author, description, keyword, update_url, create_date, update_date) VALUES (1, 26, 'Product purchase/Designation of delivery destination', 'shopping/deliv.php', 'shopping/deliv', 1, 1, 2, NULL, NULL, NULL, NULL, CURRENT_TIMESTAMP, CURRENT_TIMESTAMP);
INSERT INTO dtb_pagelayout (device_type_id, page_id, page_name, url, filename, header_chk, footer_chk, edit_flg, author, description, keyword, update_url, create_date, update_date) VALUES (1, 27, 'Product purchase/Designation of multiple delivery destinations', 'shopping/multiple.php', 'shopping/multiple', 1, 1, 2, NULL, NULL, NULL, NULL, CURRENT_TIMESTAMP, CURRENT_TIMESTAMP);
INSERT INTO dtb_pagelayout (device_type_id, page_id, page_name, url, filename, header_chk, footer_chk, edit_flg, author, description, keyword, update_url, create_date, update_date) VALUES (1, 28, 'Product purchase/Designation of payment method and delivery time, etc.', 'shopping/payment.php', 'shopping/payment', 1, 1, 2, NULL, NULL, NULL, NULL, CURRENT_TIMESTAMP, CURRENT_TIMESTAMP);
INSERT INTO dtb_pagelayout (device_type_id, page_id, page_name, url, filename, header_chk, footer_chk, edit_flg, author, description, keyword, update_url, create_date, update_date) VALUES (1, 29, 'Product purchase/Confirmation of input details', 'shopping/confirm.php', 'shopping/confirm', 1, 1, 2, NULL, NULL, NULL, NULL, CURRENT_TIMESTAMP, CURRENT_TIMESTAMP);
INSERT INTO dtb_pagelayout (device_type_id, page_id, page_name, url, filename, header_chk, footer_chk, edit_flg, author, description, keyword, update_url, create_date, update_date) VALUES (1, 30, 'Product purchase/Order complete', 'shopping/complete.php', 'shopping/complete', 1, 1, 2, NULL, NULL, NULL, NULL, CURRENT_TIMESTAMP, CURRENT_TIMESTAMP);
INSERT INTO dtb_pagelayout (device_type_id, page_id, page_name, url, filename, header_chk, footer_chk, edit_flg, author, description, keyword, update_url, create_date, update_date) VALUES (1, 31, 'Non-compatible device', 'unsupported/index.php', 'unsupported/index', 1, 1, 2, NULL, NULL, NULL, NULL, CURRENT_TIMESTAMP, CURRENT_TIMESTAMP);
INSERT INTO dtb_pagelayout (device_type_id, page_id, page_name, url, filename, header_chk, footer_chk, edit_flg, author, description, keyword, update_url, create_date, update_date) VALUES (1, 32, 'Usage guide', 'guide/index.php', 'guide/index', 1, 1, 2, NULL, NULL, NULL, NULL, CURRENT_TIMESTAMP, CURRENT_TIMESTAMP);
INSERT INTO dtb_pagelayout (device_type_id, page_id, page_name, url, filename, header_chk, footer_chk, edit_flg, author, description, keyword, update_url, create_date, update_date) VALUES (1, 33, 'Usage guide/Usage method', 'guide/usage.php', 'guide/usage', 1, 1, 2, NULL, NULL, NULL, NULL, CURRENT_TIMESTAMP, CURRENT_TIMESTAMP);
INSERT INTO dtb_pagelayout (device_type_id, page_id, page_name, url, filename, header_chk, footer_chk, edit_flg, author, description, keyword, update_url, create_date, update_date) VALUES (1, 34, 'Usage guide/Privacy policy', 'guide/privacy.php', 'guide/privacy', 1, 1, 2, NULL, NULL, NULL, NULL, CURRENT_TIMESTAMP, CURRENT_TIMESTAMP);
INSERT INTO dtb_pagelayout (device_type_id, page_id, page_name, url, filename, header_chk, footer_chk, edit_flg, author, description, keyword, update_url, create_date, update_date) VALUES (1, 35, 'Usage guide/About communication charges', 'guide/charge.php', 'guide/charge', 1, 1, 2, NULL, NULL, NULL, NULL, CURRENT_TIMESTAMP, CURRENT_TIMESTAMP);
INSERT INTO dtb_pagelayout (device_type_id, page_id, page_name, url, filename, header_chk, footer_chk, edit_flg, author, description, keyword, update_url, create_date, update_date) VALUES (1, 36, 'Usage guide/Usage agreement', 'guide/kiyaku.php', 'guide/kiyaku', 1, 1, 2, NULL, NULL, NULL, NULL, CURRENT_TIMESTAMP, CURRENT_TIMESTAMP);
INSERT INTO dtb_pagelayout (device_type_id, page_id, page_name, url, filename, header_chk, footer_chk, edit_flg, author, description, keyword, update_url, create_date, update_date) VALUES (1, 37, 'Usage guide/Introduction of operating companies', 'guide/about.php', 'guide/about', 1, 1, 2, NULL, NULL, NULL, NULL, CURRENT_TIMESTAMP, CURRENT_TIMESTAMP);

INSERT INTO dtb_payment (payment_id, payment_method, charge, rule_max, rank, note, fix, status, del_flg, creator_id, create_date, update_date, payment_image, upper_rule, charge_flg, rule_min, upper_rule_max, module_id, module_path, memo01, memo02, memo03, memo04, memo05, memo06, memo07, memo08, memo09, memo10) VALUES (1, 'Postal transfer', 0, NULL, 4, NULL, 2, 1, 0, 1, CURRENT_TIMESTAMP, CURRENT_TIMESTAMP, NULL, NULL, 1, NULL, NULL, NULL, NULL, NULL, NULL, NULL, NULL, NULL, NULL, NULL, NULL, NULL, NULL);
INSERT INTO dtb_payment (payment_id, payment_method, charge, rule_max, rank, note, fix, status, del_flg, creator_id, create_date, update_date, payment_image, upper_rule, charge_flg, rule_min, upper_rule_max, module_id, module_path, memo01, memo02, memo03, memo04, memo05, memo06, memo07, memo08, memo09, memo10) VALUES (2, 'Cash registration', 0, NULL, 3, NULL, 2, 1, 0, 1, CURRENT_TIMESTAMP, CURRENT_TIMESTAMP, NULL, NULL, 1, NULL, NULL, NULL, NULL, NULL, NULL, NULL, NULL, NULL, NULL, NULL, NULL, NULL, NULL);
INSERT INTO dtb_payment (payment_id, payment_method, charge, rule_max, rank, note, fix, status, del_flg, creator_id, create_date, update_date, payment_image, upper_rule, charge_flg, rule_min, upper_rule_max, module_id, module_path, memo01, memo02, memo03, memo04, memo05, memo06, memo07, memo08, memo09, memo10) VALUES (3, 'Bank transfer', 0, NULL, 2, NULL, 2, 1, 0, 1, CURRENT_TIMESTAMP, CURRENT_TIMESTAMP, NULL, NULL, 1, NULL, NULL, NULL, NULL, NULL, NULL, NULL, NULL, NULL, NULL, NULL, NULL, NULL, NULL);
INSERT INTO dtb_payment (payment_id, payment_method, charge, rule_max, rank, note, fix, status, del_flg, creator_id, create_date, update_date, payment_image, upper_rule, charge_flg, rule_min, upper_rule_max, module_id, module_path, memo01, memo02, memo03, memo04, memo05, memo06, memo07, memo08, memo09, memo10) VALUES (4, 'Cash on delivery', 0, NULL, 1, NULL, 2, 1, 0, 1, CURRENT_TIMESTAMP, CURRENT_TIMESTAMP, NULL, NULL, 1, NULL, NULL, NULL, NULL, NULL, NULL, NULL, NULL, NULL, NULL, NULL, NULL, NULL, NULL);

INSERT INTO dtb_product_categories (product_id, category_id, rank) VALUES (1, 4, 1);
INSERT INTO dtb_product_categories (product_id, category_id, rank) VALUES (2, 4, 2);
INSERT INTO dtb_product_categories (product_id, category_id, rank) VALUES (3, 6, 1);

INSERT INTO dtb_products (product_id, name, maker_id, status, comment1, comment2, comment3, comment4, comment5, comment6, note, main_list_comment, main_list_image, main_comment, main_image, main_large_image, sub_title1, sub_comment1, sub_image1, sub_large_image1, sub_title2, sub_comment2, sub_image2, sub_large_image2, sub_title3, sub_comment3, sub_image3, sub_large_image3, sub_title4, sub_comment4, sub_image4, sub_large_image4, sub_title5, sub_comment5, sub_image5, sub_large_image5, sub_title6, sub_comment6, sub_image6, sub_large_image6, del_flg, creator_id, create_date, update_date, deliv_date_id) VALUES (1, 'T-shirts/MintGreen', NULL, 1, NULL, NULL, 'T-shirts,MintGreen', NULL, NULL, NULL, NULL, 'The mint green coloring brings out the retro in you.', 'Tanktop_green_130.jpg', 'The mint green coloring brings out the retro in you.', 'Tanktop_green_260.jpg', 'Tanktop_green_500.jpg', NULL, NULL, NULL, NULL, NULL, NULL, NULL, NULL, NULL, NULL, NULL, NULL, NULL, NULL, NULL, NULL, NULL, NULL, NULL, NULL, NULL, NULL, NULL, NULL, 0, 2, CURRENT_TIMESTAMP, CURRENT_TIMESTAMP, 2);
INSERT INTO dtb_products (product_id, name, maker_id, status, comment1, comment2, comment3, comment4, comment5, comment6, note, main_list_comment, main_list_image, main_comment, main_image, main_large_image, sub_title1, sub_comment1, sub_image1, sub_large_image1, sub_title2, sub_comment2, sub_image2, sub_large_image2, sub_title3, sub_comment3, sub_image3, sub_large_image3, sub_title4, sub_comment4, sub_image4, sub_large_image4, sub_title5, sub_comment5, sub_image5, sub_large_image5, sub_title6, sub_comment6, sub_image6, sub_large_image6, del_flg, creator_id, create_date, update_date, deliv_date_id) VALUES (2, 'T-shirts/VintageRed', NULL, 1, NULL, NULL, 'T-shirts,VintageRed', NULL, NULL, NULL, NULL, 'The color red makes all of the difference.', 'Tshirts_red_130.jpg', 'Not too flashy, but not too plain. The color red makes all of the difference.', 'Tshirts_red_260.jpg', 'Tshirts_red_500.jpg', NULL, NULL, NULL, NULL, NULL, NULL, NULL, NULL, NULL, NULL, NULL, NULL, NULL, NULL, NULL, NULL, NULL, NULL, NULL, NULL, NULL, NULL, NULL, NULL, 0, 2, CURRENT_TIMESTAMP, CURRENT_TIMESTAMP, 3);
INSERT INTO dtb_products (product_id, name, maker_id, status, comment1, comment2, comment3, comment4, comment5, comment6, note, main_list_comment, main_list_image, main_comment, main_image, main_large_image, sub_title1, sub_comment1, sub_image1, sub_large_image1, sub_title2, sub_comment2, sub_image2, sub_large_image2, sub_title3, sub_comment3, sub_image3, sub_large_image3, sub_title4, sub_comment4, sub_image4, sub_large_image4, sub_title5, sub_comment5, sub_image5, sub_large_image5, sub_title6, sub_comment6, sub_image6, sub_large_image6, del_flg, creator_id, create_date, update_date, deliv_date_id) VALUES (3, 'T-shirts/BasicPattern', NULL, 1, NULL, NULL, 'T-shirts', NULL, NULL, NULL, NULL, 'Create your own original t-shirt with ease!', 'Tshirts_kata_130.jpg', 'For those who wanted to create a t-shirt, now it is time to make your dream a reality. Create your own original t-shirt with ease!', 'Tshirts_kata_260.jpg', 'Tshirts_kata_500.jpg', NULL, NULL, NULL, NULL, NULL, NULL, NULL, NULL, NULL, NULL, NULL, NULL, NULL, NULL, NULL, NULL, NULL, NULL, NULL, NULL, NULL, NULL, NULL, NULL, 0, 2, CURRENT_TIMESTAMP, CURRENT_TIMESTAMP, 1);

INSERT INTO dtb_products_class (product_class_id, product_id, classcategory_id1, classcategory_id2, product_code, stock, stock_unlimited, sale_limit, price01, price02, deliv_fee, point_rate, creator_id, create_date, update_date, del_flg, product_type_id, down_filename, down_realfilename) VALUES(0, 1, 0, 0, 'tshirts-G-01', NULL, 1, NULL, 35, 18, NULL, 10, 2, CURRENT_TIMESTAMP, CURRENT_TIMESTAMP, 1, 1, NULL, NULL);
INSERT INTO dtb_products_class (product_class_id, product_id, classcategory_id1, classcategory_id2, product_code, stock, stock_unlimited, sale_limit, price01, price02, deliv_fee, point_rate, creator_id, create_date, update_date, del_flg, product_type_id, down_filename, down_realfilename) VALUES(1, 1, 6, 0, 'tshirts-G-01', NULL, 1, NULL, 35, 18, NULL, 10, 2, CURRENT_TIMESTAMP, CURRENT_TIMESTAMP, 0, 1, NULL, NULL);
INSERT INTO dtb_products_class (product_class_id, product_id, classcategory_id1, classcategory_id2, product_code, stock, stock_unlimited, sale_limit, price01, price02, deliv_fee, point_rate, creator_id, create_date, update_date, del_flg, product_type_id, down_filename, down_realfilename) VALUES(2, 1, 5, 0, 'tshirts-G-02', NULL, 1, NULL, 35, 18, NULL, 10, 2, CURRENT_TIMESTAMP, CURRENT_TIMESTAMP, 0, 1, NULL, NULL);
INSERT INTO dtb_products_class (product_class_id, product_id, classcategory_id1, classcategory_id2, product_code, stock, stock_unlimited, sale_limit, price01, price02, deliv_fee, point_rate, creator_id, create_date, update_date, del_flg, product_type_id, down_filename, down_realfilename) VALUES(3, 1, 4, 0, 'tshirts-G-03', NULL, 1, NULL, 35, 18, NULL, 10, 2, CURRENT_TIMESTAMP, CURRENT_TIMESTAMP, 0, 1, NULL, NULL);
INSERT INTO dtb_products_class (product_class_id, product_id, classcategory_id1, classcategory_id2, product_code, stock, stock_unlimited, sale_limit, price01, price02, deliv_fee, point_rate, creator_id, create_date, update_date, del_flg, product_type_id, down_filename, down_realfilename) VALUES(10, 2, 0, 0, 'tshirts-R-01', 100, 0, 5, 35, 18, NULL, 10, 2, CURRENT_TIMESTAMP, CURRENT_TIMESTAMP, 0, 1, NULL, NULL);
INSERT INTO dtb_products_class (product_class_id, product_id, classcategory_id1, classcategory_id2, product_code, stock, stock_unlimited, sale_limit, price01, price02, deliv_fee, point_rate, creator_id, create_date, update_date, del_flg, product_type_id, down_filename, down_realfilename) VALUES(11, 3, 0, 0, 'pattern-01', NULL, 1, NULL, 10, 5, NULL, 10, 2, CURRENT_TIMESTAMP, CURRENT_TIMESTAMP, 0, 2, 'How_to_make.pdf', 'how_to_make.pdf');

INSERT INTO dtb_product_status (product_status_id, product_id, creator_id, create_date, update_date, del_flg) VALUES (1, 1, 2, CURRENT_TIMESTAMP, CURRENT_TIMESTAMP, 0);
INSERT INTO dtb_product_status (product_status_id, product_id, creator_id, create_date, update_date, del_flg) VALUES (4, 3, 2, CURRENT_TIMESTAMP, CURRENT_TIMESTAMP, 0);
INSERT INTO dtb_product_status (product_status_id, product_id, creator_id, create_date, update_date, del_flg) VALUES (5, 3, 2, CURRENT_TIMESTAMP, CURRENT_TIMESTAMP, 0);

INSERT INTO dtb_recommend_products (product_id, recommend_product_id, rank, comment, status, creator_id, create_date, update_date) VALUES (2, 1, 4, 'The mint green coloring brings out the retro in you.', 0, 2, CURRENT_TIMESTAMP, CURRENT_TIMESTAMP);

INSERT INTO dtb_best_products (best_id, category_id, rank, product_id, title, comment, creator_id, create_date, update_date, del_flg) VALUES (1, 0, 1, 2, NULL, 'The color red makes all of the difference.', 2, CURRENT_TIMESTAMP, CURRENT_TIMESTAMP, 0);
INSERT INTO dtb_best_products (best_id, category_id, rank, product_id, title, comment, creator_id, create_date, update_date, del_flg) VALUES (2, 0, 2, 1, NULL, 'The mint green coloring brings out the retro in you.', 2, CURRENT_TIMESTAMP, CURRENT_TIMESTAMP, 0);

INSERT INTO dtb_templates (template_code, device_type_id, template_name, create_date, update_date) VALUES ('default_en-US', 10, 'Default', CURRENT_TIMESTAMP, CURRENT_TIMESTAMP);
INSERT INTO dtb_templates (template_code, device_type_id, template_name, create_date, update_date) VALUES ('mobile', 1, 'Mobile', CURRENT_TIMESTAMP, CURRENT_TIMESTAMP);
INSERT INTO dtb_templates (template_code, device_type_id, template_name, create_date, update_date) VALUES ('sphone_en-US', 2, 'Smartphone', CURRENT_TIMESTAMP, CURRENT_TIMESTAMP);

INSERT INTO mtb_allowed_tag (id, name, rank) VALUES (0, 'table', 0);
INSERT INTO mtb_allowed_tag (id, name, rank) VALUES (1, 'tr', 1);
INSERT INTO mtb_allowed_tag (id, name, rank) VALUES (2, 'td', 2);
INSERT INTO mtb_allowed_tag (id, name, rank) VALUES (3, 'a', 3);
INSERT INTO mtb_allowed_tag (id, name, rank) VALUES (4, 'b', 4);
INSERT INTO mtb_allowed_tag (id, name, rank) VALUES (5, 'blink', 5);
INSERT INTO mtb_allowed_tag (id, name, rank) VALUES (6, 'br', 6);
INSERT INTO mtb_allowed_tag (id, name, rank) VALUES (7, 'center', 7);
INSERT INTO mtb_allowed_tag (id, name, rank) VALUES (8, 'font', 8);
INSERT INTO mtb_allowed_tag (id, name, rank) VALUES (9, 'h', 9);
INSERT INTO mtb_allowed_tag (id, name, rank) VALUES (10, 'hr', 10);
INSERT INTO mtb_allowed_tag (id, name, rank) VALUES (11, 'img', 11);
INSERT INTO mtb_allowed_tag (id, name, rank) VALUES (12, 'li', 12);
INSERT INTO mtb_allowed_tag (id, name, rank) VALUES (13, 'strong', 13);
INSERT INTO mtb_allowed_tag (id, name, rank) VALUES (14, 'p', 14);
INSERT INTO mtb_allowed_tag (id, name, rank) VALUES (15, 'div', 15);
INSERT INTO mtb_allowed_tag (id, name, rank) VALUES (16, 'i', 16);
INSERT INTO mtb_allowed_tag (id, name, rank) VALUES (17, 'u', 17);
INSERT INTO mtb_allowed_tag (id, name, rank) VALUES (18, 's', 18);

INSERT INTO mtb_authority (id, name, rank) VALUES (0, 'System administrator', 0);
INSERT INTO mtb_authority (id, name, rank) VALUES (1, 'Store owner', 1);

INSERT INTO mtb_auth_excludes (id, name, rank) VALUES (0, 'index.php', 0);
INSERT INTO mtb_auth_excludes (id, name, rank) VALUES (1, 'logout.php', 1);

INSERT INTO mtb_db (id, name, rank) VALUES (1, 'PostgreSQL', 0);
INSERT INTO mtb_db (id, name, rank) VALUES (2, 'MySQL', 1);

INSERT INTO mtb_delivery_date (id, name, rank) VALUES (1, 'Immediate', 0);
INSERT INTO mtb_delivery_date (id, name, rank) VALUES (2, '1 to 2 days later', 1);
INSERT INTO mtb_delivery_date (id, name, rank) VALUES (3, '3 to 4 days', 2);
INSERT INTO mtb_delivery_date (id, name, rank) VALUES (4, 'After 1 week', 3);
INSERT INTO mtb_delivery_date (id, name, rank) VALUES (5, 'After 2 weeks', 4);
INSERT INTO mtb_delivery_date (id, name, rank) VALUES (6, 'After 3 weeks', 5);
INSERT INTO mtb_delivery_date (id, name, rank) VALUES (7, 'After 1 month', 6);
INSERT INTO mtb_delivery_date (id, name, rank) VALUES (8, 'After 2 months', 7);
INSERT INTO mtb_delivery_date (id, name, rank) VALUES (9, 'Backorder (after product arrival)', 8);

INSERT INTO mtb_disable_logout (id, name, rank) VALUES (1, '/shopping/deliv.php', 0);
INSERT INTO mtb_disable_logout (id, name, rank) VALUES (2, '/shopping/payment.php', 1);
INSERT INTO mtb_disable_logout (id, name, rank) VALUES (3, '/shopping/confirm.php', 2);
INSERT INTO mtb_disable_logout (id, name, rank) VALUES (4, '/shopping/card.php', 3);
INSERT INTO mtb_disable_logout (id, name, rank) VALUES (5, '/shopping/loan.php', 4);

INSERT INTO mtb_disp (id, name, rank) VALUES (1, 'Disclosed', 0);
INSERT INTO mtb_disp (id, name, rank) VALUES (2, 'Not disclosed', 1);

INSERT INTO mtb_product_type (id, name, rank) VALUES (1, 'Normal product', 0);
INSERT INTO mtb_product_type (id, name, rank) VALUES (2, 'Downloaded product', 1);

INSERT INTO mtb_device_type (id, name, rank) VALUES (1, 'Mobile', 0);
INSERT INTO mtb_device_type (id, name, rank) VALUES (2, 'Smartphone', 1);
INSERT INTO mtb_device_type (id, name, rank) VALUES (10, 'PC', 2);
INSERT INTO mtb_device_type (id, name, rank) VALUES (99, 'Management screen', 3);

INSERT INTO mtb_job (id, name, rank) VALUES (1, 'Public servant', 0);
INSERT INTO mtb_job (id, name, rank) VALUES (2, 'Consultant', 1);
INSERT INTO mtb_job (id, name, rank) VALUES (3, 'Technical job related to computers', 2);
INSERT INTO mtb_job (id, name, rank) VALUES (4, 'Technical job other than those related to computers', 3);
INSERT INTO mtb_job (id, name, rank) VALUES (5, 'Finance-related', 4);
INSERT INTO mtb_job (id, name, rank) VALUES (6, 'Doctor', 5);
INSERT INTO mtb_job (id, name, rank) VALUES (7, 'Lawyer', 6);
INSERT INTO mtb_job (id, name, rank) VALUES (8, 'General affairs/Human resources/Clerical work', 7);
INSERT INTO mtb_job (id, name, rank) VALUES (9, 'Operation and sales', 8);
INSERT INTO mtb_job (id, name, rank) VALUES (10, 'Research and development', 9);
INSERT INTO mtb_job (id, name, rank) VALUES (11, 'Public relations/Advertising', 10);
INSERT INTO mtb_job (id, name, rank) VALUES (12, 'Planning/Marketing', 11);
INSERT INTO mtb_job (id, name, rank) VALUES (13, 'Design-related', 12);
INSERT INTO mtb_job (id, name, rank) VALUES (14, 'Corporate management/executives', 13);
INSERT INTO mtb_job (id, name, rank) VALUES (15, 'Publishing and mass communications-related', 14);
INSERT INTO mtb_job (id, name, rank) VALUES (16, 'Student/Part-timer', 15);
INSERT INTO mtb_job (id, name, rank) VALUES (17, 'Housewife', 16);
INSERT INTO mtb_job (id, name, rank) VALUES (18, 'Other', 17);

INSERT INTO mtb_magazine_type (id, name, rank) VALUES (1, 'HTML', 0);
INSERT INTO mtb_magazine_type (id, name, rank) VALUES (2, 'Text', 1);

INSERT INTO mtb_mail_magazine_type (id, name, rank) VALUES (1, 'HTML mail', 0);
INSERT INTO mtb_mail_magazine_type (id, name, rank) VALUES (2, 'Text mail', 1);
INSERT INTO mtb_mail_magazine_type (id, name, rank) VALUES (3, 'Do not wish to receive', 2);

INSERT INTO mtb_mail_template (id, name, rank) VALUES (1, 'E-mail regarding receipt of order', 0);
INSERT INTO mtb_mail_template (id, name, rank) VALUES (2, 'E-mail regarding receipt of order (mobile)', 1);
INSERT INTO mtb_mail_template (id, name, rank) VALUES (3, 'E-mail regarding receipt of order cancellation', 2);
INSERT INTO mtb_mail_template (id, name, rank) VALUES (4, 'Backorder confirmation e-mail', 3);
INSERT INTO mtb_mail_template (id, name, rank) VALUES (5, 'Inquiry receipt e-mail', 4);

INSERT INTO mtb_mail_tpl_path (id, name, rank) VALUES (1, 'mail_templates/order_mail.tpl', 0);
INSERT INTO mtb_mail_tpl_path (id, name, rank) VALUES (2, 'mail_templates/order_mail.tpl', 1);
INSERT INTO mtb_mail_tpl_path (id, name, rank) VALUES (3, 'mail_templates/order_mail.tpl', 2);
INSERT INTO mtb_mail_tpl_path (id, name, rank) VALUES (4, 'mail_templates/order_mail.tpl', 3);
INSERT INTO mtb_mail_tpl_path (id, name, rank) VALUES (5, 'mail_templates/contact_mail.tpl', 4);

INSERT INTO mtb_mail_type (id, name, rank) VALUES (1, 'PC e-mail address', 0);
INSERT INTO mtb_mail_type (id, name, rank) VALUES (2, 'Mobile e-mail address', 1);
INSERT INTO mtb_mail_type (id, name, rank) VALUES (3, 'PC e-mail address (excludes members who have registered a mobile e-mail address)', 2);
INSERT INTO mtb_mail_type (id, name, rank) VALUES (4, 'Mobile e-mail address (excluding members who have registered a PC e-mail address)', 3);

INSERT INTO mtb_mobile_domain (id, name, rank) VALUES (1, 'docomo.ne.jp', 0);
INSERT INTO mtb_mobile_domain (id, name, rank) VALUES (2, 'ezweb.ne.jp', 1);
INSERT INTO mtb_mobile_domain (id, name, rank) VALUES (3, 'softbank.ne.jp', 2);
INSERT INTO mtb_mobile_domain (id, name, rank) VALUES (4, 'vodafone.ne.jp', 3);
INSERT INTO mtb_mobile_domain (id, name, rank) VALUES (5, 'pdx.ne.jp', 4);
INSERT INTO mtb_mobile_domain (id, name, rank) VALUES (6, 'disney.ne.jp', 5);
INSERT INTO mtb_mobile_domain (id, name, rank) VALUES (7, 'willcom.com', 6);

INSERT INTO mtb_order_status (id, name, rank) VALUES (7, 'Payment being processed', 0);
INSERT INTO mtb_order_status (id, name, rank) VALUES (1, 'New order received', 1);
INSERT INTO mtb_order_status (id, name, rank) VALUES (2, 'Waiting for deposit', 2);
INSERT INTO mtb_order_status (id, name, rank) VALUES (6, 'Deposited', 3);
INSERT INTO mtb_order_status (id, name, rank) VALUES (3, 'Cancel', 4);
INSERT INTO mtb_order_status (id, name, rank) VALUES (4, 'Being backordered', 5);
INSERT INTO mtb_order_status (id, name, rank) VALUES (5, 'Shipped', 6);


INSERT INTO mtb_order_status_color (id, name, rank) VALUES (1, '#FFFFFF', 0);
INSERT INTO mtb_order_status_color (id, name, rank) VALUES (2, '#FFDE9B', 1);
INSERT INTO mtb_order_status_color (id, name, rank) VALUES (3, '#C9C9C9', 2);
INSERT INTO mtb_order_status_color (id, name, rank) VALUES (4, '#FFD9D9', 3);
INSERT INTO mtb_order_status_color (id, name, rank) VALUES (5, '#BFDFFF', 4);
INSERT INTO mtb_order_status_color (id, name, rank) VALUES (6, '#FFFFAB', 5);
INSERT INTO mtb_order_status_color (id, name, rank) VALUES (7, '#FFCCCC', 6);

INSERT INTO mtb_customer_order_status (id, name, rank) VALUES (7, 'Order not complete', 0);
INSERT INTO mtb_customer_order_status (id, name, rank) VALUES (1, 'Order receipt', 1);
INSERT INTO mtb_customer_order_status (id, name, rank) VALUES (2, 'Waiting for deposit', 2);
INSERT INTO mtb_customer_order_status (id, name, rank) VALUES (6, 'Order receipt', 3);
INSERT INTO mtb_customer_order_status (id, name, rank) VALUES (3, 'Cancel', 4);
INSERT INTO mtb_customer_order_status (id, name, rank) VALUES (4, 'Order receipt', 5);
INSERT INTO mtb_customer_order_status (id, name, rank) VALUES (5, 'Shipped', 6);

INSERT INTO mtb_ownersstore_err (id, name, rank) VALUES ('1000', 'An unknown error occurred.', 0);
INSERT INTO mtb_ownersstore_err (id, name, rank) VALUES ('1001', 'Illegal parameters were sent.', 1);
INSERT INTO mtb_ownersstore_err (id, name, rank) VALUES ('1002', 'Authentication failed. <br />If you are a temporary member, complete member registration <br />Check to make sure that the authentication key is correctly set.', 2);
INSERT INTO mtb_ownersstore_err (id, name, rank) VALUES ('1003', 'Authentication failed. <br />If you are a temporary member, complete member registration <br />Check to make sure that the authentication key is correctly set.', 3);
INSERT INTO mtb_ownersstore_err (id, name, rank) VALUES ('1004', 'There are no purchased products.', 4);
INSERT INTO mtb_ownersstore_err (id, name, rank) VALUES ('1005', 'There is no updater that can be downloaded. <br /> It is possible that the status is "Awaiting deposit" <br /> It is possible that the installed module is already the latest version.', 5);
INSERT INTO mtb_ownersstore_err (id, name, rank) VALUES ('1006', 'An error occurred in the delivery server.', 6);
INSERT INTO mtb_ownersstore_err (id, name, rank) VALUES ('1007', 'Download completion notification failed.', 7);
INSERT INTO mtb_ownersstore_err (id, name, rank) VALUES ('2001', 'Authentication of management screen failed. <br /> Return to the management page top screen and log in again.', 8);
INSERT INTO mtb_ownersstore_err (id, name, rank) VALUES ('2002', 'Not connected to the delivery server.', 9);
INSERT INTO mtb_ownersstore_err (id, name, rank) VALUES ('2003', 'Not connected to the delivery server.', 10);
INSERT INTO mtb_ownersstore_err (id, name, rank) VALUES ('2004', 'An error occurred in the delivery server.', 11);
INSERT INTO mtb_ownersstore_err (id, name, rank) VALUES ('2005', 'An authentication key has not been set. <br />Set an authentication key using "Authentication key settings".', 12);
INSERT INTO mtb_ownersstore_err (id, name, rank) VALUES ('2006', 'Unauthorized access.', 13);
INSERT INTO mtb_ownersstore_err (id, name, rank) VALUES ('2007', 'Illegal parameters were sent.', 14);
INSERT INTO mtb_ownersstore_err (id, name, rank) VALUES ('2008', 'Automatic updates are disabled', 15);
INSERT INTO mtb_ownersstore_err (id, name, rank) VALUES ('2009', 'File writing failed. <br /> Write access is not properly set. <br />Check whether there is write access for the data/downloads/temp directory', 16);
INSERT INTO mtb_ownersstore_err (id, name, rank) VALUES ('2010', 'File writing failed. <br />Check the details in "Log management".', 17);

INSERT INTO mtb_ownersstore_ips (id, name, rank) VALUES ('0', '210.188.195.143', 0);

INSERT INTO mtb_page_max (id, name, rank) VALUES (10, '10', 0);
INSERT INTO mtb_page_max (id, name, rank) VALUES (20, '20', 1);
INSERT INTO mtb_page_max (id, name, rank) VALUES (30, '30', 2);
INSERT INTO mtb_page_max (id, name, rank) VALUES (40, '40', 3);
INSERT INTO mtb_page_max (id, name, rank) VALUES (50, '50', 4);
INSERT INTO mtb_page_max (id, name, rank) VALUES (60, '60', 5);
INSERT INTO mtb_page_max (id, name, rank) VALUES (70, '70', 6);
INSERT INTO mtb_page_max (id, name, rank) VALUES (80, '80', 7);
INSERT INTO mtb_page_max (id, name, rank) VALUES (90, '90', 8);
INSERT INTO mtb_page_max (id, name, rank) VALUES (100, '100', 9);

INSERT INTO mtb_permission (id, name, rank) VALUES ('/admin/system/index.php', '0', 0);
INSERT INTO mtb_permission (id, name, rank) VALUES ('/admin/system/delete.php', '0', 1);
INSERT INTO mtb_permission (id, name, rank) VALUES ('/admin/system/input.php', '0', 2);
INSERT INTO mtb_permission (id, name, rank) VALUES ('/admin/system/master.php', '0', 3);
INSERT INTO mtb_permission (id, name, rank) VALUES ('/admin/system/master_delete.php', '0', 4);
INSERT INTO mtb_permission (id, name, rank) VALUES ('/admin/system/master_rank.php', '0', 5);
INSERT INTO mtb_permission (id, name, rank) VALUES ('/admin/system/mastercsv.php', '0', 6);
INSERT INTO mtb_permission (id, name, rank) VALUES ('/admin/system/rank.php', '0', 7);
INSERT INTO mtb_permission (id, name, rank) VALUES ('/admin/entry/index.php', '1', 8);
INSERT INTO mtb_permission (id, name, rank) VALUES ('/admin/entry/delete.php', '1', 9);
INSERT INTO mtb_permission (id, name, rank) VALUES ('/admin/entry/inputzip.php', '1', 10);
INSERT INTO mtb_permission (id, name, rank) VALUES ('/admin/search/delete_note.php', '1', 11);

INSERT INTO mtb_pref (id, name, rank) VALUES (1, '', 1);
INSERT INTO mtb_pref (id, name, rank) VALUES (2, '', 2);
INSERT INTO mtb_pref (id, name, rank) VALUES (3, '', 3);
INSERT INTO mtb_pref (id, name, rank) VALUES (4, '', 4);
INSERT INTO mtb_pref (id, name, rank) VALUES (5, '', 5);
INSERT INTO mtb_pref (id, name, rank) VALUES (6, '', 6);
INSERT INTO mtb_pref (id, name, rank) VALUES (7, '', 7);
INSERT INTO mtb_pref (id, name, rank) VALUES (8, '', 8);
INSERT INTO mtb_pref (id, name, rank) VALUES (9, '', 9);
INSERT INTO mtb_pref (id, name, rank) VALUES (10, '', 10);
INSERT INTO mtb_pref (id, name, rank) VALUES (11, '', 11);
INSERT INTO mtb_pref (id, name, rank) VALUES (12, '', 12);
INSERT INTO mtb_pref (id, name, rank) VALUES (13, '', 13);
INSERT INTO mtb_pref (id, name, rank) VALUES (14, '', 14);
INSERT INTO mtb_pref (id, name, rank) VALUES (15, '', 15);
INSERT INTO mtb_pref (id, name, rank) VALUES (16, '', 16);
INSERT INTO mtb_pref (id, name, rank) VALUES (17, '', 17);
INSERT INTO mtb_pref (id, name, rank) VALUES (18, '', 18);
INSERT INTO mtb_pref (id, name, rank) VALUES (19, '', 19);
INSERT INTO mtb_pref (id, name, rank) VALUES (20, '', 20);
INSERT INTO mtb_pref (id, name, rank) VALUES (21, '', 21);
INSERT INTO mtb_pref (id, name, rank) VALUES (22, '', 22);
INSERT INTO mtb_pref (id, name, rank) VALUES (23, '', 23);
INSERT INTO mtb_pref (id, name, rank) VALUES (24, '', 24);
INSERT INTO mtb_pref (id, name, rank) VALUES (25, '', 25);
INSERT INTO mtb_pref (id, name, rank) VALUES (26, '', 26);
INSERT INTO mtb_pref (id, name, rank) VALUES (27, '', 27);
INSERT INTO mtb_pref (id, name, rank) VALUES (28, '', 28);
INSERT INTO mtb_pref (id, name, rank) VALUES (29, '', 29);
INSERT INTO mtb_pref (id, name, rank) VALUES (30, '', 30);
INSERT INTO mtb_pref (id, name, rank) VALUES (31, '', 31);
INSERT INTO mtb_pref (id, name, rank) VALUES (32, '', 32);
INSERT INTO mtb_pref (id, name, rank) VALUES (33, '', 33);
INSERT INTO mtb_pref (id, name, rank) VALUES (34, '', 34);
INSERT INTO mtb_pref (id, name, rank) VALUES (35, '', 35);
INSERT INTO mtb_pref (id, name, rank) VALUES (36, '', 36);
INSERT INTO mtb_pref (id, name, rank) VALUES (37, '', 37);
INSERT INTO mtb_pref (id, name, rank) VALUES (38, '', 38);
INSERT INTO mtb_pref (id, name, rank) VALUES (39, '', 39);
INSERT INTO mtb_pref (id, name, rank) VALUES (40, '', 40);
INSERT INTO mtb_pref (id, name, rank) VALUES (41, '', 41);
INSERT INTO mtb_pref (id, name, rank) VALUES (42, '', 42);
INSERT INTO mtb_pref (id, name, rank) VALUES (43, '', 43);
INSERT INTO mtb_pref (id, name, rank) VALUES (44, '', 44);
INSERT INTO mtb_pref (id, name, rank) VALUES (45, '', 45);
INSERT INTO mtb_pref (id, name, rank) VALUES (46, '', 46);
INSERT INTO mtb_pref (id, name, rank) VALUES (47, '', 47);

INSERT INTO mtb_product_list_max (id, name, rank) VALUES (15, '15 items', 0);
INSERT INTO mtb_product_list_max (id, name, rank) VALUES (30, '30 items', 1);
INSERT INTO mtb_product_list_max (id, name, rank) VALUES (50, '50 items', 2);

INSERT INTO mtb_product_status_color (id, name, rank) VALUES (1, '#FFFFFF', 0);
INSERT INTO mtb_product_status_color (id, name, rank) VALUES (2, '#C9C9C9', 1);
INSERT INTO mtb_product_status_color (id, name, rank) VALUES (3, '#DDE6F2', 2);

INSERT INTO mtb_recommend (id, name, rank) VALUES (5, '', 0);
INSERT INTO mtb_recommend (id, name, rank) VALUES (4, '', 1);
INSERT INTO mtb_recommend (id, name, rank) VALUES (3, '', 2);
INSERT INTO mtb_recommend (id, name, rank) VALUES (2, '', 3);
INSERT INTO mtb_recommend (id, name, rank) VALUES (1, '', 4);

INSERT INTO mtb_reminder (id, name, rank) VALUES (1, 'What is your mothers maiden name?', 0);
INSERT INTO mtb_reminder (id, name, rank) VALUES (2, 'What is your favorite cartoon?', 1);
INSERT INTO mtb_reminder (id, name, rank) VALUES (3, 'What is the name of your favorite pet?', 2);
INSERT INTO mtb_reminder (id, name, rank) VALUES (4, 'Who was your first girlfriend/boyfriend?', 3);
INSERT INTO mtb_reminder (id, name, rank) VALUES (5, 'What movie do you think is interesting?', 4);
INSERT INTO mtb_reminder (id, name, rank) VALUES (6, 'What is the name of the teacher you respected?', 5);
INSERT INTO mtb_reminder (id, name, rank) VALUES (7, 'What is your favorite food?', 6);

INSERT INTO mtb_review_deny_url (id, name, rank) VALUES (0, 'http://', 0);
INSERT INTO mtb_review_deny_url (id, name, rank) VALUES (1, 'https://', 1);
INSERT INTO mtb_review_deny_url (id, name, rank) VALUES (2, 'ttp://', 2);
INSERT INTO mtb_review_deny_url (id, name, rank) VALUES (3, 'ttps://', 3);

INSERT INTO mtb_sex (id, name, rank) VALUES (1, 'Male', 0);
INSERT INTO mtb_sex (id, name, rank) VALUES (2, 'Female', 1);

INSERT INTO mtb_customer_status (id, name, rank) VALUES (1, 'Temporary member', 0);
INSERT INTO mtb_customer_status (id, name, rank) VALUES (2, 'full member', 1);

INSERT INTO mtb_status (id, name, rank) VALUES (1, 'NEW', 0);
INSERT INTO mtb_status (id, name, rank) VALUES (2, 'Only a few remaining', 1);
INSERT INTO mtb_status (id, name, rank) VALUES (3, '2x points', 2);
INSERT INTO mtb_status (id, name, rank) VALUES (4, 'Recommendation', 3);
INSERT INTO mtb_status (id, name, rank) VALUES (5, 'Limited edition', 4);

INSERT INTO mtb_status_image (id, name, rank) VALUES (1, 'img/icon/ico_01.gif', 0);
INSERT INTO mtb_status_image (id, name, rank) VALUES (2, 'img/icon/ico_02.gif', 1);
INSERT INTO mtb_status_image (id, name, rank) VALUES (3, 'img/icon/ico_03.gif', 2);
INSERT INTO mtb_status_image (id, name, rank) VALUES (4, 'img/icon/ico_04.gif', 3);
INSERT INTO mtb_status_image (id, name, rank) VALUES (5, 'img/icon/ico_05.gif', 4);

INSERT INTO mtb_target (id, name, rank) VALUES (0, 'Unused', 0);
INSERT INTO mtb_target (id, name, rank) VALUES (1, 'LeftNavi', 1);
INSERT INTO mtb_target (id, name, rank) VALUES (2, 'MainHead', 2);
INSERT INTO mtb_target (id, name, rank) VALUES (3, 'RightNavi', 3);
INSERT INTO mtb_target (id, name, rank) VALUES (4, 'MainFoot', 4);
INSERT INTO mtb_target (id, name, rank) VALUES (5, 'TopNavi', 5);
INSERT INTO mtb_target (id, name, rank) VALUES (6, 'BottomNavi', 6);
INSERT INTO mtb_target (id, name, rank) VALUES (7, 'HeadNavi', 7);
INSERT INTO mtb_target (id, name, rank) VALUES (8, 'HeaderTopNavi', 8);
INSERT INTO mtb_target (id, name, rank) VALUES (9, 'FooterBottomNavi', 9);
INSERT INTO mtb_target (id, name, rank) VALUES (10, 'HeaderInternalNavi', 10);

INSERT INTO mtb_taxrule (id, name, rank) VALUES (1, 'Round off', 0);
INSERT INTO mtb_taxrule (id, name, rank) VALUES (2, 'Truncate', 1);
INSERT INTO mtb_taxrule (id, name, rank) VALUES (3, 'Round up', 2);

INSERT INTO mtb_wday (id, name, rank) VALUES (0, 'Sunday', 0);
INSERT INTO mtb_wday (id, name, rank) VALUES (1, 'Monday', 1);
INSERT INTO mtb_wday (id, name, rank) VALUES (2, 'Tuesday', 2);
INSERT INTO mtb_wday (id, name, rank) VALUES (3, 'Wednesday', 3);
INSERT INTO mtb_wday (id, name, rank) VALUES (4, 'Thursday', 4);
INSERT INTO mtb_wday (id, name, rank) VALUES (5, 'Friday', 5);
INSERT INTO mtb_wday (id, name, rank) VALUES (6, 'Saturday', 6);

INSERT INTO mtb_work (id, name, rank) VALUES (0, 'Not operating', 0);
INSERT INTO mtb_work (id, name, rank) VALUES (1, 'Operating', 1);

INSERT INTO mtb_constants (id, name, rank, remarks) VALUES ('SAMPLE_ADDRESS1', '"Municipality name (Example: Sunnyvale, CA 94085 USA)"', 1, 'Related to front display');
INSERT INTO mtb_constants (id, name, rank, remarks) VALUES ('SAMPLE_ADDRESS2', '"House number/building name (Example: 440 North Wolfe Road)"', 2, 'Related to front display');
INSERT INTO mtb_constants (id, name, rank, remarks) VALUES ('USER_DIR', '"user_data/"', 3, 'User file saving destination');
INSERT INTO mtb_constants (id, name, rank, remarks) VALUES ('USER_REALDIR', 'HTML_REALDIR . USER_DIR', 4, 'User file saving destination');
INSERT INTO mtb_constants (id, name, rank, remarks) VALUES ('USER_URL', 'HTTP_URL . USER_DIR', 9, 'User creation page, etc.');
INSERT INTO mtb_constants (id, name, rank, remarks) VALUES ('AUTH_TYPE', '"HMAC"', 10, 'Authentication method');
INSERT INTO mtb_constants (id, name, rank, remarks) VALUES ('USER_PACKAGE_DIR', '"packages/"', 17, 'Template file saving destination');
INSERT INTO mtb_constants (id, name, rank, remarks) VALUES ('USER_TEMPLATE_REALDIR', 'USER_REALDIR . USER_PACKAGE_DIR', 18, 'Template file saving destination');
INSERT INTO mtb_constants (id, name, rank, remarks) VALUES ('TEMPLATE_TEMP_REALDIR', 'HTML_REALDIR . "upload/temp_template/"', 19, 'Temporary saving of template file');
INSERT INTO mtb_constants (id, name, rank, remarks) VALUES ('USER_DEF_PHP_REALFILE', 'USER_REALDIR . "__default.php"', 20, 'Default PHP file for user creation screen');
INSERT INTO mtb_constants (id, name, rank, remarks) VALUES ('MODULE_DIR', '"downloads/module/"', 22, 'Downloaded module storage directory');
INSERT INTO mtb_constants (id, name, rank, remarks) VALUES ('MODULE_REALDIR', 'DATA_REALDIR . MODULE_DIR', 23, 'Downloaded module storage directory');
INSERT INTO mtb_constants (id, name, rank, remarks) VALUES ('MAX_LIFETIME', '7200', 26, 'Validity period of DB session (seconds)');
INSERT INTO mtb_constants (id, name, rank, remarks) VALUES ('MASTER_DATA_REALDIR', 'DATA_REALDIR . "cache/"', 27, 'Master data cache directory');
INSERT INTO mtb_constants (id, name, rank, remarks) VALUES ('UPDATE_HTTP', '""', 28, 'Update management file storage location');
INSERT INTO mtb_constants (id, name, rank, remarks) VALUES ('LANG_CODE', '"en-US"', 38, 'Language code');
INSERT INTO mtb_constants (id, name, rank, remarks) VALUES ('CHAR_CODE', '"UTF-8"', 39, 'Text code');
INSERT INTO mtb_constants (id, name, rank, remarks) VALUES ('LOCALE', '"en_US.UTF-8"', 40, 'Locale settings');
INSERT INTO mtb_constants (id, name, rank, remarks) VALUES ('ECCUBE_PAYMENT', '"EC-CUBE"', 41, 'Phrase granted to payment module ');
INSERT INTO mtb_constants (id, name, rank, remarks) VALUES ('PEAR_DB_DEBUG', '0', 42, 'PEAR::DB debug mode');
INSERT INTO mtb_constants (id, name, rank, remarks) VALUES ('PEAR_DB_PERSISTENT', 'false', 43, 'PEAR::DB persistent option');
INSERT INTO mtb_constants (id, name, rank, remarks) VALUES ('CLOSE_DAY', '31', 45, 'Designation of cutoff date (if last day of the month, specify 31.)');
INSERT INTO mtb_constants (id, name, rank, remarks) VALUES ('FAVORITE_ERROR', '13', 46, 'General site error');
INSERT INTO mtb_constants (id, name, rank, remarks) VALUES ('GRAPH_REALDIR', 'HTML_REALDIR . "upload/graph_image/"', 49, 'Graph storage directory');
INSERT INTO mtb_constants (id, name, rank, remarks) VALUES ('GRAPH_URLPATH', 'ROOT_URLPATH . "upload/graph_image/"', 50, 'Graph URL');
INSERT INTO mtb_constants (id, name, rank, remarks) VALUES ('GRAPH_PIE_MAX', '10', 51, 'Maximum display count in pie chart');
INSERT INTO mtb_constants (id, name, rank, remarks) VALUES ('GRAPH_LABEL_MAX', '40', 52, 'Character count of label for graph');
INSERT INTO mtb_constants (id, name, rank, remarks) VALUES ('PRODUCTS_TOTAL_MAX', '15', 55, 'Up to how many do you want to display in product tabulation?');
INSERT INTO mtb_constants (id, name, rank, remarks) VALUES ('DEFAULT_PRODUCT_DISP', '2', 56, '1: Disclosed 2: Not disclosed');
INSERT INTO mtb_constants (id, name, rank, remarks) VALUES ('DELIV_FREE_AMOUNT', '0', 57, 'Quantity of products purchased with free shipping (if 0, shipping is not free regardless of the quantity purchased)');
INSERT INTO mtb_constants (id, name, rank, remarks) VALUES ('INPUT_DELIV_FEE', '1', 58, 'Delivery charge settings screen display (active: 1 inactive: 0)');
INSERT INTO mtb_constants (id, name, rank, remarks) VALUES ('OPTION_PRODUCT_DELIV_FEE', '0', 59, 'Shipping cost settings for each product (active: 1 inactive: 0)');
INSERT INTO mtb_constants (id, name, rank, remarks) VALUES ('OPTION_DELIV_FEE', '1', 60, 'Add delivery charges for each delivery company (active: 1 inactive: 0)');
INSERT INTO mtb_constants (id, name, rank, remarks) VALUES ('OPTION_RECOMMEND', '1', 61, 'Recommended product registration (active: 1 inactive: 0)');
INSERT INTO mtb_constants (id, name, rank, remarks) VALUES ('OPTION_CLASS_REGIST', '1', 62, 'Product specification registration (active: 1 inactive: 0)');
INSERT INTO mtb_constants (id, name, rank, remarks) VALUES ('DEFAULT_PASSWORD', '"******"', 66, 'Revision of member registration (MY page) for password');
INSERT INTO mtb_constants (id, name, rank, remarks) VALUES ('DELIV_ADDR_MAX', '20', 67, 'Maximum number of separate shipping destinations registered');
INSERT INTO mtb_constants (id, name, rank, remarks) VALUES ('ORDER_STATUS_MAX', '50', 70, 'Response status management screen list display quantity');
INSERT INTO mtb_constants (id, name, rank, remarks) VALUES ('REVIEW_REGIST_MAX', '5', 71, 'Maximum number of front review writings');
INSERT INTO mtb_constants (id, name, rank, remarks) VALUES ('DEBUG_MODE', 'false', 72, 'Debug mode (true: sfPrintR and DB error message, the log level outputs a Debug log, false: not output)');
INSERT INTO mtb_constants (id, name, rank, remarks) VALUES ('USE_VERBOSE_LOG', 'DEBUG_MODE', 73, 'Do you want to make the log wordy? (true: Use, false: Do not use)');
INSERT INTO mtb_constants (id, name, rank, remarks) VALUES ('ADMIN_ID', '"1"', 74, 'Management user ID (not displayed for maintenance.)');
INSERT INTO mtb_constants (id, name, rank, remarks) VALUES ('CUSTOMER_CONFIRM_MAIL', 'false', 75, 'Do you want to send a temporary member confirmation e-mail when registering as a member? (true: Temporary member, false: Full member)');
INSERT INTO mtb_constants (id, name, rank, remarks) VALUES ('LOGIN_FRAME', '"login_frame.tpl"', 77, 'Login screen frame');
INSERT INTO mtb_constants (id, name, rank, remarks) VALUES ('MAIN_FRAME', '"main_frame.tpl"', 78, 'Management screen frame');
INSERT INTO mtb_constants (id, name, rank, remarks) VALUES ('SITE_FRAME', '"site_frame.tpl"', 79, 'General site screen frame');
INSERT INTO mtb_constants (id, name, rank, remarks) VALUES ('CERT_STRING', '"7WDhcBTF"', 80, 'Authentication character example');
INSERT INTO mtb_constants (id, name, rank, remarks) VALUES ('BIRTH_YEAR', '1901', 83, 'Date of birth Registration start year');
INSERT INTO mtb_constants (id, name, rank, remarks) VALUES ('RELEASE_YEAR', '2005', 84, 'Year in which this system started operating'); 
INSERT INTO mtb_constants (id, name, rank, remarks) VALUES ('CREDIT_ADD_YEAR', '10', 85, 'Credit card expiration + years');
INSERT INTO mtb_constants (id, name, rank, remarks) VALUES ('POINT_RULE', '2', 88, 'Point calculation rule (1: Round off, 2: Truncated, 3: Round up)');
INSERT INTO mtb_constants (id, name, rank, remarks) VALUES ('POINT_VALUE', '1', 89, 'Price per point ($)');
INSERT INTO mtb_constants (id, name, rank, remarks) VALUES ('ADMIN_MODE', '0', 90, 'Management mode 1: Active 0: Inactive (during delivery)');
INSERT INTO mtb_constants (id, name, rank, remarks) VALUES ('MAX_LOG_QUANTITY', '5', 92, 'Maximum number of log files (Log rotation)');
INSERT INTO mtb_constants (id, name, rank, remarks) VALUES ('MAX_LOG_SIZE', '"1000000"', 93, 'Maximum capacity stored in a single log file (byte)');
INSERT INTO mtb_constants (id, name, rank, remarks) VALUES ('TRANSACTION_ID_NAME', '"transactionid"', 94, 'Transaction ID name');
INSERT INTO mtb_constants (id, name, rank, remarks) VALUES ('FORGOT_MAIL', '0', 95, 'Do you want a confirmation e-mail regarding your forgotten password sent to you? (0: Do not send, 1: Send)');
INSERT INTO mtb_constants (id, name, rank, remarks) VALUES ('BIRTH_MONTH_POINT', '0', 98, 'Points for birthday month');
INSERT INTO mtb_constants (id, name, rank, remarks) VALUES ('LARGE_IMAGE_WIDTH', '500', 110, 'Enlarged image horizontal');
INSERT INTO mtb_constants (id, name, rank, remarks) VALUES ('LARGE_IMAGE_HEIGHT', '500', 111, 'Enlarged image vertical');
INSERT INTO mtb_constants (id, name, rank, remarks) VALUES ('SMALL_IMAGE_WIDTH', '130', 112, 'List image horizontal');
INSERT INTO mtb_constants (id, name, rank, remarks) VALUES ('SMALL_IMAGE_HEIGHT', '130', 113, 'List image vertical');
INSERT INTO mtb_constants (id, name, rank, remarks) VALUES ('NORMAL_IMAGE_WIDTH', '260', 114, 'Normal image length');
INSERT INTO mtb_constants (id, name, rank, remarks) VALUES ('NORMAL_IMAGE_HEIGHT', '260', 115, 'Normal image height');
INSERT INTO mtb_constants (id, name, rank, remarks) VALUES ('NORMAL_SUBIMAGE_WIDTH', '200', 116, 'Normal subimage length');
INSERT INTO mtb_constants (id, name, rank, remarks) VALUES ('NORMAL_SUBIMAGE_HEIGHT', '200', 117, 'Normal subimage height');
INSERT INTO mtb_constants (id, name, rank, remarks) VALUES ('LARGE_SUBIMAGE_WIDTH', '500', 118, 'Enlarge sub image horizontal');
INSERT INTO mtb_constants (id, name, rank, remarks) VALUES ('LARGE_SUBIMAGE_HEIGHT', '500', 119, 'Enlarge sub image vertical');
INSERT INTO mtb_constants (id, name, rank, remarks) VALUES ('IMAGE_SIZE', '1000', 126, 'Image key restriction (KB)');
INSERT INTO mtb_constants (id, name, rank, remarks) VALUES ('CSV_SIZE', '2000', 127, 'CSV size restriction (KB)');
INSERT INTO mtb_constants (id, name, rank, remarks) VALUES ('CSV_LINE_MAX', '10000', 128, 'Maximum number of characters per line for CSV upload');
INSERT INTO mtb_constants (id, name, rank, remarks) VALUES ('FILE_SIZE', '10000', 130, 'File management screen upload restrictions (KB)');
INSERT INTO mtb_constants (id, name, rank, remarks) VALUES ('TEMPLATE_SIZE', '10000', 131, 'Restrictions for template files that can be uploaded (KB)');
INSERT INTO mtb_constants (id, name, rank, remarks) VALUES ('LEVEL_MAX', '5', 132, 'Maximum hierarchy for category');
INSERT INTO mtb_constants (id, name, rank, remarks) VALUES ('CATEGORY_MAX', '1000', 133, 'Maximum number of categories that can be registered');
INSERT INTO mtb_constants (id, name, rank, remarks) VALUES ('ADMIN_TITLE', '"EC-CUBE management function"', 134, 'Management function title');
INSERT INTO mtb_constants (id, name, rank, remarks) VALUES ('SELECT_RGB', '"#ffffdf"', 135, 'Emphasized display color during editing');
INSERT INTO mtb_constants (id, name, rank, remarks) VALUES ('DISABLED_RGB', '"#C9C9C9"', 136, 'Display color when input items are inactive');
INSERT INTO mtb_constants (id, name, rank, remarks) VALUES ('ERR_COLOR', '"#ffe8e8"', 137, 'Displayed color during an error');
INSERT INTO mtb_constants (id, name, rank, remarks) VALUES ('CATEGORY_HEAD', '">"', 138, 'New category display characters');
INSERT INTO mtb_constants (id, name, rank, remarks) VALUES ('START_BIRTH_YEAR', '1970', 139, 'Date of birth Initially selected year');
INSERT INTO mtb_constants (id, name, rank, remarks) VALUES ('NORMAL_PRICE_TITLE', '"Normal price"', 140, 'Price name');
INSERT INTO mtb_constants (id, name, rank, remarks) VALUES ('SALE_PRICE_TITLE', '"Sales price"', 141, 'Price name');
INSERT INTO mtb_constants (id, name, rank, remarks) VALUES ('LOG_REALFILE', 'DATA_REALDIR . "logs/site.log"', 142, 'Standard log file');
INSERT INTO mtb_constants (id, name, rank, remarks) VALUES ('CUSTOMER_LOG_REALFILE', 'DATA_REALDIR . "logs/customer.log"', 143, 'Member login log file');
INSERT INTO mtb_constants (id, name, rank, remarks) VALUES ('ADMIN_LOG_REALFILE', 'DATA_REALDIR . "logs/admin.log"', 144, 'Management function log file');
INSERT INTO mtb_constants (id, name, rank, remarks) VALUES ('DEBUG_LOG_REALFILE', '""', 145, 'Debug log file (not input: Standard log file/control screen log file)');
INSERT INTO mtb_constants (id, name, rank, remarks) VALUES ('ERROR_LOG_REALFILE', 'DATA_REALDIR . "logs/error.log"', 146, 'Error log file (not input: standard log file/management screen log file)');
INSERT INTO mtb_constants (id, name, rank, remarks) VALUES ('DB_LOG_REALFILE', 'DATA_REALDIR . "logs/db.log"', 147, 'DB log file');
INSERT INTO mtb_constants (id, name, rank, remarks) VALUES ('IMAGE_TEMP_REALDIR', 'HTML_REALDIR . "upload/temp_image/"', 150, 'Temporary saving of image');
INSERT INTO mtb_constants (id, name, rank, remarks) VALUES ('IMAGE_SAVE_REALDIR', 'HTML_REALDIR . "upload/save_image/"', 151, 'Image saving destination');
INSERT INTO mtb_constants (id, name, rank, remarks) VALUES ('IMAGE_TEMP_URLPATH', 'ROOT_URLPATH . "upload/temp_image/"', 152, 'URL for temporary saving of image');
INSERT INTO mtb_constants (id, name, rank, remarks) VALUES ('IMAGE_SAVE_URLPATH', 'ROOT_URLPATH . "upload/save_image/"', 153, 'URL for image saving destination');
INSERT INTO mtb_constants (id, name, rank, remarks) VALUES ('IMAGE_TEMP_RSS_URL', 'HTTP_URL . "upload/temp_image/"', 154, 'RSS image temporary storage URL');
INSERT INTO mtb_constants (id, name, rank, remarks) VALUES ('IMAGE_SAVE_RSS_URL', 'HTTP_URL . "upload/save_image/"', 155, 'RSS image saving destination URL');
INSERT INTO mtb_constants (id, name, rank, remarks) VALUES ('CSV_TEMP_REALDIR', 'DATA_REALDIR . "upload/csv/"', 156, 'Temporary saving destination of encoded CSV');
INSERT INTO mtb_constants (id, name, rank, remarks) VALUES ('NO_IMAGE_REALFILE', 'USER_TEMPLATE_REALDIR . "default/img/picture/img_blank.gif"', 158, 'Displayed where there is no image');
INSERT INTO mtb_constants (id, name, rank, remarks) VALUES ('ADMIN_SYSTEM_URLPATH', 'ROOT_URLPATH . ADMIN_DIR . "system/" . DIR_INDEX_PATH', 159, 'System management top');
INSERT INTO mtb_constants (id, name, rank, remarks) VALUES ('INPUT_ZIP_URLPATH', 'ROOT_URLPATH . "input_zip.php"', 161, 'Postal code input');
INSERT INTO mtb_constants (id, name, rank, remarks) VALUES ('ADMIN_HOME_URLPATH', 'ROOT_URLPATH . ADMIN_DIR . "home.php"', 165, 'Home');
INSERT INTO mtb_constants (id, name, rank, remarks) VALUES ('ADMIN_LOGIN_URLPATH', 'ROOT_URLPATH . ADMIN_DIR . DIR_INDEX_PATH', 166, 'Login page');
INSERT INTO mtb_constants (id, name, rank, remarks) VALUES ('ADMIN_PRODUCTS_URLPATH', 'ROOT_URLPATH . ADMIN_DIR . "products/" . DIR_INDEX_PATH', 167, 'Product search page');
INSERT INTO mtb_constants (id, name, rank, remarks) VALUES ('ADMIN_ORDER_EDIT_URLPATH', 'ROOT_URLPATH . ADMIN_DIR . "order/edit.php"', 168, 'Order editing page');
INSERT INTO mtb_constants (id, name, rank, remarks) VALUES ('ADMIN_ORDER_URLPATH', 'ROOT_URLPATH . ADMIN_DIR . "order/" . DIR_INDEX_PATH', 169, 'Order editing page');
INSERT INTO mtb_constants (id, name, rank, remarks) VALUES ('ADMIN_ORDER_MAIL_URLPATH', 'ROOT_URLPATH . ADMIN_DIR . "order/mail.php"', 170, 'Order editing page');
INSERT INTO mtb_constants (id, name, rank, remarks) VALUES ('ADMIN_LOGOUT_URLPATH', 'ROOT_URLPATH . ADMIN_DIR . "logout.php"', 171, 'Logout page');
INSERT INTO mtb_constants (id, name, rank, remarks) VALUES ('MEMBER_PMAX', '10', 182, 'Number of lines displayed on member management page');
INSERT INTO mtb_constants (id, name, rank, remarks) VALUES ('SEARCH_PMAX', '10', 183, 'Number of lines for search page display ');
INSERT INTO mtb_constants (id, name, rank, remarks) VALUES ('NAVI_PMAX', '4', 184, 'Maximum display quantity for page number');
INSERT INTO mtb_constants (id, name, rank, remarks) VALUES ('PRODUCTSUB_MAX', '5', 185, 'Maximum number of product subinformation');
INSERT INTO mtb_constants (id, name, rank, remarks) VALUES ('DELIVTIME_MAX', '16', 186, 'Maximum number of delivery times displayed');
INSERT INTO mtb_constants (id, name, rank, remarks) VALUES ('DELIVFEE_MAX', '47', 187, 'Maximum display count for delivery charge');
INSERT INTO mtb_constants (id, name, rank, remarks) VALUES ('STEXT_LEN', '50', 188, 'Character count of short items (names, etc.)');
INSERT INTO mtb_constants (id, name, rank, remarks) VALUES ('SMTEXT_LEN', '100', 189, NULL);
INSERT INTO mtb_constants (id, name, rank, remarks) VALUES ('MTEXT_LEN', '200', 190, 'Character count of long items (addresses, etc.)');
INSERT INTO mtb_constants (id, name, rank, remarks) VALUES ('MLTEXT_LEN', '1000', 191, 'Character count of long and medium-length text (inquiries, etc.)');
INSERT INTO mtb_constants (id, name, rank, remarks) VALUES ('LTEXT_LEN', '3000', 192, 'Character count of long text');
INSERT INTO mtb_constants (id, name, rank, remarks) VALUES ('LLTEXT_LEN', '99999', 193, 'Character count of ultralong text (mail magazines, etc.)');
INSERT INTO mtb_constants (id, name, rank, remarks) VALUES ('URL_LEN', '1024', 194, 'URL character length');
INSERT INTO mtb_constants (id, name, rank, remarks) VALUES ('ID_MAX_LEN', 'STEXT_LEN', 195, 'For management screen: Maximum character count for ID/password');
INSERT INTO mtb_constants (id, name, rank, remarks) VALUES ('ID_MIN_LEN', '4', 196, 'For management screen: Minimum number of characters for ID and password');
INSERT INTO mtb_constants (id, name, rank, remarks) VALUES ('PRICE_LEN', '8', 197, 'Number of digits for amount');
INSERT INTO mtb_constants (id, name, rank, remarks) VALUES ('PERCENTAGE_LEN', '3', 198, 'the number of digits following the point');
INSERT INTO mtb_constants (id, name, rank, remarks) VALUES ('AMOUNT_LEN', '6', 199, 'Inventory count, Number of sales restrictions');
INSERT INTO mtb_constants (id, name, rank, remarks) VALUES ('ZIP01_LEN', '3', 200, 'Postal code 1');
INSERT INTO mtb_constants (id, name, rank, remarks) VALUES ('ZIP02_LEN', '4', 201, 'Postal code 2');
INSERT INTO mtb_constants (id, name, rank, remarks) VALUES ('TEL_ITEM_LEN', '6', 202, 'Various item restrictions for telephone numbers');
INSERT INTO mtb_constants (id, name, rank, remarks) VALUES ('TEL_LEN', '12', 203, 'Total number of telephone numbers');
INSERT INTO mtb_constants (id, name, rank, remarks) VALUES ('PASSWORD_MIN_LEN', '4', 204, 'Front screen: Minimum character count for password');
INSERT INTO mtb_constants (id, name, rank, remarks) VALUES ('PASSWORD_MAX_LEN', 'STEXT_LEN', 205, 'Front screen: Maximum character count for password');
INSERT INTO mtb_constants (id, name, rank, remarks) VALUES ('INT_LEN', '9', 206, 'Number of digits for test values (INT)');
INSERT INTO mtb_constants (id, name, rank, remarks) VALUES ('CREDIT_NO_LEN', '4', 207, 'Character count for credit card (*Used in module)'); 
INSERT INTO mtb_constants (id, name, rank, remarks) VALUES ('SEARCH_CATEGORY_LEN', '18', 208, 'Search category maximum display character count (byte)');
INSERT INTO mtb_constants (id, name, rank, remarks) VALUES ('FILE_NAME_LEN', '10', 209, 'File name display character count');
INSERT INTO mtb_constants (id, name, rank, remarks) VALUES ('ZIPCODE_LEN', '10', 210, 'zipcode character count'); 
INSERT INTO mtb_constants (id, name, rank, remarks) VALUES ('COOKIE_EXPIRE', '365', 212, 'Cookie retention time (days)');
INSERT INTO mtb_constants (id, name, rank, remarks) VALUES ('SEPA_CATNAVI', '" > "', 235, 'Category delimiter');
INSERT INTO mtb_constants (id, name, rank, remarks) VALUES ('SHOPPING_URL', 'HTTPS_URL . "shopping/" . DIR_INDEX_PATH', 237, 'Member information input');
INSERT INTO mtb_constants (id, name, rank, remarks) VALUES ('ENTRY_URL', 'HTTPS_URL . "entry/" . DIR_INDEX_PATH', 238, 'Top of member registration page');
INSERT INTO mtb_constants (id, name, rank, remarks) VALUES ('TOP_URLPATH', 'ROOT_URLPATH . DIR_INDEX_PATH', 239, 'Site top');
INSERT INTO mtb_constants (id, name, rank, remarks) VALUES ('CART_URLPATH', 'ROOT_URLPATH . "cart/" . DIR_INDEX_PATH', 240, 'Cart top');
INSERT INTO mtb_constants (id, name, rank, remarks) VALUES ('DELIV_URLPATH', 'ROOT_URLPATH . "shopping/deliv.php"', 241, 'Delivery destination settings');
INSERT INTO mtb_constants (id, name, rank, remarks) VALUES ('MULTIPLE_URLPATH', 'ROOT_URLPATH . "shopping/multiple.php"', 242, 'Settings for multiple delivery destinations');
INSERT INTO mtb_constants (id, name, rank, remarks) VALUES ('SHOPPING_CONFIRM_URLPATH', 'ROOT_URLPATH . "shopping/confirm.php"', 244, 'Purchase confirmation page');
INSERT INTO mtb_constants (id, name, rank, remarks) VALUES ('SHOPPING_PAYMENT_URLPATH', 'ROOT_URLPATH . "shopping/payment.php"', 245, 'Payment method selection page');
INSERT INTO mtb_constants (id, name, rank, remarks) VALUES ('SHOPPING_COMPLETE_URLPATH', 'ROOT_URLPATH . "shopping/complete.php"', 246, 'Purchase completion screen');
INSERT INTO mtb_constants (id, name, rank, remarks) VALUES ('SHOPPING_MODULE_URLPATH', 'ROOT_URLPATH . "shopping/load_payment_module.php"', 249, 'Screen for module addition');
INSERT INTO mtb_constants (id, name, rank, remarks) VALUES ('P_DETAIL_URLPATH', 'ROOT_URLPATH . "products/detail.php?product_id="', 253, 'Product details (HTML output)');
INSERT INTO mtb_constants (id, name, rank, remarks) VALUES ('MYPAGE_DELIVADDR_URLPATH', 'ROOT_URLPATH . "mypage/delivery.php"', 254, 'My page delivery destination URL');
INSERT INTO mtb_constants (id, name, rank, remarks) VALUES ('ADMIN_NEWS_STARTYEAR', '2005', 264, 'New information management screen Start year (A.D.) ');
INSERT INTO mtb_constants (id, name, rank, remarks) VALUES ('ENTRY_LIMIT_HOUR', '1', 267, 'Reinitiation restriction time (units: hours)');
INSERT INTO mtb_constants (id, name, rank, remarks) VALUES ('RECOMMEND_PRODUCT_MAX', '6', 268, 'Related product display number');
INSERT INTO mtb_constants (id, name, rank, remarks) VALUES ('RECOMMEND_NUM', '8', 269, 'Recommended product display number');
INSERT INTO mtb_constants (id, name, rank, remarks) VALUES ('DELIV_DATE_END_MAX', '21', 272, 'Maximum number of days displayed on pull-down menu after date on which delivery is possible');
INSERT INTO mtb_constants (id, name, rank, remarks) VALUES ('CV_PAYMENT_LIMIT', '14', 275, 'Payment deadline (*Used in module)'); 
INSERT INTO mtb_constants (id, name, rank, remarks) VALUES ('REVIEW_ALLOW_URL', '0', 277, 'Allow or not allow writing of URLs in product reviews');
INSERT INTO mtb_constants (id, name, rank, remarks) VALUES ('UPDATE_SEND_SITE_INFO', 'false', 289, 'Will site information be transmitted when updating?');
INSERT INTO mtb_constants (id, name, rank, remarks) VALUES ('USE_POINT', 'true', 290, 'Do you want to use points? (true: Use, false: Do not use) (false is partially supported)');
INSERT INTO mtb_constants (id, name, rank, remarks) VALUES ('NOSTOCK_HIDDEN', 'false', 291, 'Non-display of products with no inventory (true: Not displayed, false: Displayed)');
INSERT INTO mtb_constants (id, name, rank, remarks) VALUES ('USE_MOBILE', 'true', 292, 'Do you want to use the mobile site? (true: Use, false: Do not use) (false is partially supported) (*Used in module)'); 
INSERT INTO mtb_constants (id, name, rank, remarks) VALUES ('USE_MULTIPLE_SHIPPING', 'true', 293, 'Do you want to use the multiple shipping destination designation function? (true: Use, false: Do not use)');
INSERT INTO mtb_constants (id, name, rank, remarks) VALUES ('SLTEXT_LEN', '500', 294, 'Character count of short text');
INSERT INTO mtb_constants (id, name, rank, remarks) VALUES ('DEFAULT_TEMPLATE_NAME', '"default_en-US"', 300, 'Default template name (PC)');
INSERT INTO mtb_constants (id, name, rank, remarks) VALUES ('MOBILE_DEFAULT_TEMPLATE_NAME', '"mobile"', 301, 'Default template name (mobile)');
INSERT INTO mtb_constants (id, name, rank, remarks) VALUES ('SMARTPHONE_DEFAULT_TEMPLATE_NAME', '"sphone_en-US"', 302, 'Default template name (smartphone)');
INSERT INTO mtb_constants (id, name, rank, remarks) VALUES ('TEMPLATE_NAME', '"default_en-US"', 303, 'Template name');
INSERT INTO mtb_constants (id, name, rank, remarks) VALUES ('MOBILE_TEMPLATE_NAME', '"mobile"', 304, 'Mobile template name');
INSERT INTO mtb_constants (id, name, rank, remarks) VALUES ('SMARTPHONE_TEMPLATE_NAME', '"sphone_en-US"', 305, 'Smartphone template name');
INSERT INTO mtb_constants (id, name, rank, remarks) VALUES ('SMARTY_TEMPLATES_REALDIR', ' DATA_REALDIR . "Smarty/templates/"', 306, 'SMARTY template');
INSERT INTO mtb_constants (id, name, rank, remarks) VALUES ('TEMPLATE_REALDIR', 'SMARTY_TEMPLATES_REALDIR . TEMPLATE_NAME . "/"', 307, 'SMARTY template (PC)');
INSERT INTO mtb_constants (id, name, rank, remarks) VALUES ('TEMPLATE_ADMIN_REALDIR', 'SMARTY_TEMPLATES_REALDIR . "admin/"', 308, 'SMARTY template (management function)');
INSERT INTO mtb_constants (id, name, rank, remarks) VALUES ('COMPILE_REALDIR', 'DATA_REALDIR . "Smarty/templates_c/" . TEMPLATE_NAME . "/"', 309, 'SMARTY compile');
INSERT INTO mtb_constants (id, name, rank, remarks) VALUES ('COMPILE_ADMIN_REALDIR', 'DATA_REALDIR . "Smarty/templates_c/admin/"', 310, 'SMARTY compile (management function)');
INSERT INTO mtb_constants (id, name, rank, remarks) VALUES ('BLOC_DIR', '"frontparts/bloc/"', 311, 'Block file saving destination');
INSERT INTO mtb_constants (id, name, rank, remarks) VALUES ('MOBILE_TEMPLATE_REALDIR', 'SMARTY_TEMPLATES_REALDIR . MOBILE_TEMPLATE_NAME . "/"', 312, 'SMARTY template (mobile)');
INSERT INTO mtb_constants (id, name, rank, remarks) VALUES ('MOBILE_COMPILE_REALDIR', 'DATA_REALDIR . "Smarty/templates_c/" . MOBILE_TEMPLATE_NAME . "/"', 313, 'SMARTY compile (mobile)');
INSERT INTO mtb_constants (id, name, rank, remarks) VALUES ('SMARTPHONE_TEMPLATE_REALDIR', 'SMARTY_TEMPLATES_REALDIR . SMARTPHONE_TEMPLATE_NAME . "/"', 314, 'SMARTY template (smart phone)');
INSERT INTO mtb_constants (id, name, rank, remarks) VALUES ('SMARTPHONE_COMPILE_REALDIR', 'DATA_REALDIR . "Smarty/templates_c/" . SMARTPHONE_TEMPLATE_NAME . "/"', 315, 'SMARTY compile (smartphone)');
INSERT INTO mtb_constants (id, name, rank, remarks) VALUES ('RFC_COMPLIANT_EMAIL_CHECK', 'false', 401, 'Does the e-mail address check comply with RFC? (true: complies, false: does not comply)');
INSERT INTO mtb_constants (id, name, rank, remarks) VALUES ('MOBILE_SESSION_LIFETIME', '1800', 402, 'Mobile site session continuation time (seconds)');
INSERT INTO mtb_constants (id, name, rank, remarks) VALUES ('MOBILE_IMAGE_REALDIR', 'HTML_REALDIR . "upload/mobile_image/"', 408, 'Directory for saving converted images for mobile phones');
INSERT INTO mtb_constants (id, name, rank, remarks) VALUES ('MOBILE_IMAGE_URLPATH', 'ROOT_URLPATH . "upload/mobile_image/"', 409, 'Directory for saving converted images for mobile phones');
INSERT INTO mtb_constants (id, name, rank, remarks) VALUES ('MOBILE_TOP_URLPATH', 'ROOT_URLPATH . DIR_INDEX_PATH', 410, 'Mobile URL');
INSERT INTO mtb_constants (id, name, rank, remarks) VALUES ('MOBILE_CART_URLPATH', 'ROOT_URLPATH . "cart/" . DIR_INDEX_PATH', 411, 'Cart top');
INSERT INTO mtb_constants (id, name, rank, remarks) VALUES ('MOBILE_SHOPPING_CONFIRM_URLPATH', 'ROOT_URLPATH . "shopping/confirm.php"', 413, 'Purchase confirmation page');
INSERT INTO mtb_constants (id, name, rank, remarks) VALUES ('MOBILE_SHOPPING_PAYMENT_URLPATH', 'ROOT_URLPATH . "shopping/payment.php"', 414, 'Payment method selection page');
INSERT INTO mtb_constants (id, name, rank, remarks) VALUES ('MOBILE_P_DETAIL_URLPATH', 'ROOT_URLPATH . "products/detail.php?product_id="', 415, 'Product details (HTML output)');
INSERT INTO mtb_constants (id, name, rank, remarks) VALUES ('MOBILE_SHOPPING_COMPLETE_URLPATH', 'ROOT_URLPATH . "shopping/complete.php"', 416, 'Purchase completion screen (*Used in the module)');
INSERT INTO mtb_constants (id, name, rank, remarks) VALUES ('SESSION_KEEP_METHOD', '"useCookie"', 418, 'Session maintenance method: "useCookie"|"useRequest"');
INSERT INTO mtb_constants (id, name, rank, remarks) VALUES ('SESSION_LIFETIME', '1800', 419, 'Session continuation time (seconds)');
INSERT INTO mtb_constants (id, name, rank, remarks) VALUES ('OSTORE_URL', '"http://www.ec-cube.net/"', 500, 'Owners Store URL');
INSERT INTO mtb_constants (id, name, rank, remarks) VALUES ('OSTORE_SSLURL', '""', 501, 'Owners Store URL');
INSERT INTO mtb_constants (id, name, rank, remarks) VALUES ('OSTORE_LOG_REALFILE', 'DATA_REALDIR . "logs/ownersstore.log"', 502, 'Owners Store log path');
INSERT INTO mtb_constants (id, name, rank, remarks) VALUES ('OPTION_FAVORITE_PRODUCT', '1', 523, 'Favorite product registration (active: 1 inactive: 0)'); 
INSERT INTO mtb_constants (id, name, rank, remarks) VALUES ('IMAGE_RENAME', 'true', 525, 'Image rename settings (product images only) (true: Rename, false: Do not rename)'); 
INSERT INTO mtb_constants (id, name, rank, remarks) VALUES ('PLUGIN_DIR', '"plugins/"', 600, '(For 2.11) Plug-in directory (Used in module)'); 
INSERT INTO mtb_constants (id, name, rank, remarks) VALUES ('PLUGIN_REALDIR', 'USER_REALDIR . PLUGIN_DIR', 601, '(For 2.11) Plug-in saving destination (Used in module)'); 
INSERT INTO mtb_constants (id, name, rank, remarks) VALUES ('PLUGIN_UPLOAD_REALDIR', 'DATA_REALDIR . "downloads/plugin/"', 604, 'Plug-in saving destination directory'); 
INSERT INTO mtb_constants (id, name, rank, remarks) VALUES ('PLUGIN_HTML_REALDIR', 'HTML_REALDIR . "plugin/"', 605, 'Plug-in saving destination directory (html)'); 
INSERT INTO mtb_constants (id, name, rank, remarks) VALUES ('PLUGIN_TEMP_REALDIR', 'HTML_REALDIR . "upload/temp_plugin/"', 608, 'Temporary saving destination of plug-in file'); 
INSERT INTO mtb_constants (id, name, rank, remarks) VALUES ('PLUGIN_EXTENSION', '"tar,tar.gz"', 611, 'Extensions possible for registration of plug-in file (comma-delimited)'); 
INSERT INTO mtb_constants (id, name, rank, remarks) VALUES ('DOWNLOADS_TEMP_PLUGIN_UPDATE_DIR', 'DATA_REALDIR . "downloads/tmp/plugin_update/"', 612, 'Temporary decompression directory for plug-in (for updating)'); 
INSERT INTO mtb_constants (id, name, rank, remarks) VALUES ('DOWNLOADS_TEMP_PLUGIN_INSTALL_DIR', 'DATA_REALDIR . "downloads/tmp/plugin_install/"', 613, 'Temporary decompression directory for plug-in (for installing)');
INSERT INTO mtb_constants (id, name, rank, remarks) VALUES ('PLUGIN_HTML_URLPATH', 'ROOT_URLPATH . "plugin/"', 614, 'Plug-in URL');
INSERT INTO mtb_constants (id, name, rank, remarks) VALUES ('DOWNLOAD_DAYS_LEN', '3', 700, 'Number of days Number of digits');
INSERT INTO mtb_constants (id, name, rank, remarks) VALUES ('DOWNLOAD_EXTENSION', '"zip,lzh,jpg,jpeg,gif,png,mp3,pdf,csv"', 701, 'Extensions possible for registration of downloaded files (comma-delimited)');
INSERT INTO mtb_constants (id, name, rank, remarks) VALUES ('DOWN_SIZE', '50000', 702, 'Size limitation for download sales file (KB)');
INSERT INTO mtb_constants (id, name, rank, remarks) VALUES ('DEFAULT_PRODUCT_DOWN', '1', 703, '1: Actual product 2: Download');
INSERT INTO mtb_constants (id, name, rank, remarks) VALUES ('DOWN_TEMP_REALDIR', 'DATA_REALDIR . "download/temp/"', 704, 'Temporary saving of downloaded file');
INSERT INTO mtb_constants (id, name, rank, remarks) VALUES ('DOWN_SAVE_REALDIR', 'DATA_REALDIR . "download/save/"', 705, 'Saving destination of downloaded file');
INSERT INTO mtb_constants (id, name, rank, remarks) VALUES ('DOWNLOAD_BLOCK', '1024', 708, 'Download sales function   Downloaded file reading bytes (KB)');
INSERT INTO mtb_constants (id, name, rank, remarks) VALUES ('ORDER_NEW', '1', 800, 'New order');
INSERT INTO mtb_constants (id, name, rank, remarks) VALUES ('ORDER_PAY_WAIT', '2', 801, 'Waiting for deposit');
INSERT INTO mtb_constants (id, name, rank, remarks) VALUES ('ORDER_PRE_END', '6', 802, 'Deposited');
INSERT INTO mtb_constants (id, name, rank, remarks) VALUES ('ORDER_CANCEL', '3', 803, 'Cancel');
INSERT INTO mtb_constants (id, name, rank, remarks) VALUES ('ORDER_BACK_ORDER', '4', 804, 'Being backordered');
INSERT INTO mtb_constants (id, name, rank, remarks) VALUES ('ORDER_DELIV', '5', 805, 'Shipped');
INSERT INTO mtb_constants (id, name, rank, remarks) VALUES ('ORDER_PENDING', '7', 806, 'Payment being processed');
INSERT INTO mtb_constants (id, name, rank, remarks) VALUES ('PRODUCT_TYPE_NORMAL', '1', 900, 'Normal product');
INSERT INTO mtb_constants (id, name, rank, remarks) VALUES ('PRODUCT_TYPE_DOWNLOAD', '2', 901, 'Downloaded product');
INSERT INTO mtb_constants (id, name, rank, remarks) VALUES ('SQL_QUERY_LOG_MODE', '1', 1000, 'DB log recording mode (0: No recording, 1: Recording only during delays, 2: Constant recording)');
INSERT INTO mtb_constants (id, name, rank, remarks) VALUES ('SQL_QUERY_LOG_MIN_EXEC_TIME', '2', 1001, 'Execution time deemed as being a delay in the DB log (seconds)');
INSERT INTO mtb_constants (id, name, rank, remarks) VALUES ('PAGE_DISPLAY_TIME_LOG_MODE', '1', 1002, 'Flag for retrieving page display time log (1: Display, 0: Do not display)');
INSERT INTO mtb_constants (id, name, rank, remarks) VALUES ('PAGE_DISPLAY_TIME_LOG_MIN_EXEC_TIME', '2', 1003, 'Time settings for retrieving page display time log (retrieved when it takes longer than the set value)');
INSERT INTO mtb_constants (id, name, rank, remarks) VALUES ('DEVICE_TYPE_MOBILE', '1', 1100, 'Terminal type: Mobile');
INSERT INTO mtb_constants (id, name, rank, remarks) VALUES ('DEVICE_TYPE_SMARTPHONE', '2', 1101, 'Terminal type: Smartphone');
INSERT INTO mtb_constants (id, name, rank, remarks) VALUES ('DEVICE_TYPE_PC', '10', 1102, 'Terminal type: PC');
INSERT INTO mtb_constants (id, name, rank, remarks) VALUES ('DEVICE_TYPE_ADMIN', '99', 1103, 'Terminal type: Management screen');
INSERT INTO mtb_constants (id, name, rank, remarks) VALUES ('ECCUBE_INFO', 'true', 1218, 'EC-CUBE update information retrieval (true: retrieve false: do not retrieve)');
INSERT INTO mtb_constants (id, name, rank, remarks) VALUES ('HTTP_REQUEST_TIMEOUT', '"5"', 1219, 'External site HTTP retrieval timeout time (seconds)');
INSERT INTO mtb_constants (id, name, rank, remarks) VALUES ('ZIP_DOWNLOAD_URL', '"http://www.post.japanpost.jp/zipcode/dl/kogaki/zip/ken_all.zip"', 1224, 'Postal code CSV ZIP archive file retrieval source');
INSERT INTO mtb_constants (id, name, rank, remarks) VALUES ('HOOK_POINT_PREPROCESS', '"LC_Page_preProcess"', 1301, 'Hook point (preprocess)');
INSERT INTO mtb_constants (id, name, rank, remarks) VALUES ('HOOK_POINT_PROCESS', '"LC_Page_process"', 1302, 'Hook point (process)');
INSERT INTO mtb_constants (id, name, rank, remarks) VALUES ('PLUGIN_ACTIVATE_FLAG', 'true', 1303, 'Load/not load flag for plug)');
INSERT INTO mtb_constants (id, name, rank, remarks) VALUES ('SMARTY_FORCE_COMPILE_MODE', 'false', 1401, 'SMARTY compile mode');
INSERT INTO mtb_constants (id, name, rank, remarks) VALUES ('LOGIN_RETRY_INTERVAL', '0', 1411, 'Delay time when login fails (seconds) (measure against brute force attack)');
INSERT INTO mtb_constants (id, name, rank, remarks) VALUES ('MYPAGE_ORDER_STATUS_DISP_FLAG', 'true', 1412, 'MY page: Order status display flag');
INSERT INTO mtb_constants (id, name, rank, remarks) VALUES ('MAIL_CHARACTER_CODE', '"UTF-8"', 1413, 'Mail character code');
INSERT INTO mtb_constants (id, name, rank, remarks) VALUES ('MAIL_HEADER_CONTENT_TYPE', '"US-ASCII"', 1414, 'Mail header: contents type');
INSERT INTO mtb_constants (id, name, rank, remarks) VALUES ('TIMEZONE', '"Etc/GMT+0"', 1415, 'Time zone');

INSERT INTO dtb_index_list (table_name, column_name, recommend_flg, recommend_comment) VALUES ('dtb_customer', 'email_mobile', 0, 'Try when you want to improve the login processing speed when there is an increase in the number of members');
INSERT INTO dtb_index_list (table_name, column_name, recommend_flg, recommend_comment) VALUES ('dtb_products', 'name', 2, 'Try when you want to improve the product name search speed');
INSERT INTO dtb_index_list (table_name, column_name, recommend_flg, recommend_comment) VALUES ('dtb_order_temp', 'order_temp_id', 0, 'Try when there is a large number of orders.');
INSERT INTO dtb_index_list (table_name, column_name, recommend_flg, recommend_comment) VALUES ('dtb_order', 'status', 2, 'Try when there is a large number of orders.');
INSERT INTO dtb_index_list (table_name, column_name, recommend_flg, recommend_comment) VALUES ('dtb_order', 'order_email', 2, 'Try when there is a large number of orders.');
INSERT INTO dtb_index_list (table_name, column_name, recommend_flg, recommend_comment) VALUES ('dtb_order', 'order_name01', 2, 'Try when there is a large number of orders.');
INSERT INTO dtb_index_list (table_name, column_name, recommend_flg, recommend_comment) VALUES ('dtb_order', 'order_name02', 0, 'Try when there is a large number of orders.');
INSERT INTO dtb_index_list (table_name, column_name, recommend_flg, recommend_comment) VALUES ('dtb_order', 'order_tel01', 0, 'Try when there is a large number of orders.');
INSERT INTO dtb_index_list (table_name, column_name, recommend_flg, recommend_comment) VALUES ('dtb_order', 'order_tel02', 0, 'Try when there is a large number of orders.');
INSERT INTO dtb_index_list (table_name, column_name, recommend_flg, recommend_comment) VALUES ('dtb_order', 'order_tel03', 0, 'Try when there is a large number of orders.');
INSERT INTO dtb_index_list (table_name, column_name, recommend_flg, recommend_comment) VALUES ('dtb_customer', 'mobile_phone_id', 1, '');
INSERT INTO dtb_index_list (table_name, column_name, recommend_flg, recommend_comment) VALUES ('dtb_products_class', 'product_id', 1, '');
INSERT INTO dtb_index_list (table_name, column_name, recommend_flg, recommend_comment) VALUES ('dtb_order_detail', 'product_id', 1, '');
INSERT INTO dtb_index_list (table_name, column_name, recommend_flg, recommend_comment) VALUES ('dtb_send_customer', 'customer_id', 1, '');
INSERT INTO dtb_index_list (table_name, column_name, recommend_flg, recommend_comment) VALUES ('dtb_mobile_ext_session_id', 'param_key', 1, '');
INSERT INTO dtb_index_list (table_name, column_name, recommend_flg, recommend_comment) VALUES ('dtb_mobile_ext_session_id', 'param_value', 1, '');
INSERT INTO dtb_index_list (table_name, column_name, recommend_flg, recommend_comment) VALUES ('dtb_mobile_ext_session_id', 'url', 1, '');
INSERT INTO dtb_index_list (table_name, column_name, recommend_flg, recommend_comment) VALUES ('dtb_mobile_ext_session_id', 'create_date', 1, '');
INSERT INTO dtb_index_list (table_name, column_name, recommend_flg, recommend_comment) VALUES ('dtb_mobile_kara_mail', 'token', 1, '');
INSERT INTO dtb_index_list (table_name, column_name, recommend_flg, recommend_comment) VALUES ('dtb_mobile_kara_mail', 'create_date', 1, '');
INSERT INTO dtb_index_list (table_name, column_name, recommend_flg, recommend_comment) VALUES ('dtb_mobile_kara_mail', 'receive_date', 1, '');
INSERT INTO dtb_index_list (table_name, column_name, recommend_flg, recommend_comment) VALUES ('dtb_product_categories', 'category_id', 2, 'Try when there are many categories');
INSERT INTO dtb_index_list (table_name, column_name, recommend_flg, recommend_comment) VALUES ('mtb_zip', 'zipcode', 2, 'Try when the postal code search is slow. It is recommended that you disable this when updating postal code data.');
